Id,Id_linea,Nombre,Descripcion,Imagen,Brochure,Vademecum,Video,Params_dist,Proteina,Grasa,Humedad,Fibra,Ceniza,Eln,Orden,Keyword,Target
1,3,Becerro Engorda 16%,Alimento para crecimiento y engorda de becerro.,Content/img/rumiantes/apiaba-apicarne-premium-40.png,Content/brochure/MANUAL_GCARNE_12_06_14.pdf,Content/brochure/MANUAL_GCARNE_12_06_14.pdf,,,16        ,2         ,12        ,14        ,18        ,38        ,3,NULL,NULL
2,3,Apiengorda Ganado,Alimento para engorda y finalización del ganado.,Content/img/rumiantes/apiaba-apicarne-premium-40.png,Content/brochure/MANUAL_GCARNE_12_06_14.pdf,Content/brochure/MANUAL_GCARNE_12_06_14.pdf,,,13        ,2         ,12        ,12        ,10        ,51        ,4,NULL,NULL
3,3,Apiengorda Ganado con Zilpaterol,Alimento para finalizar el ganado en los últimos 30 días.,Content/img/rumiantes/apiaba-apicarne-premium-40.png,Content/brochure/MANUAL_GCARNE_12_06_14.pdf,Content/brochure/MANUAL_GCARNE_12_06_14.pdf,,,14        ,2.5       ,12        ,10        ,8.5       ,53        ,5,NULL,NULL
4,3,Api-Carne RE,Alimento para engorda y finalización del ganado.,Content/img/rumiantes/apiaba-apicarne-premium-40.png,Content/brochure/MANUAL_GCARNE_12_06_14.pdf,Content/brochure/MANUAL_GCARNE_12_06_14.pdf,,,11        ,2         ,12        ,10        ,10        ,55        ,6,NULL,NULL
5,72,Mezcla Regia,Alimento diseñado para complementar el ganado en condiciones de estiaje y/o pastoreo de forrajes fibrosos (baja calidad),Content/img/rumiantes/apiaba-gana-carne-balance-40.png,Content/brochure/MANUAL_GCARNE_12_06_14.pdf,Content/brochure/MANUAL_GCARNE_12_06_14.pdf,,,8         ,2         ,12        ,15        ,18        ,45        ,18,NULL,NULL
6,59,Mezcla Regia,Alimento diseñado para complementar el ganado en condiciones de estiaje y/o pastoreo de forrajes fibrosos (baja calidad),Content/img/rumiantes/malta-gana-carne-40.png,Content/brochure/MANUAL_GCARNE_12_06_14.pdf,Content/brochure/MANUAL_GCARNE_12_06_14.pdf,,,8         ,2         ,12        ,15        ,18        ,45        ,11,NULL,NULL
7,72,Sosten Multiusos,Alimento de mantenimiento usado para época de estiaje en el ganado bovino,Content/img/rumiantes/apiaba-gana-carne-balance-40.png,Content/brochure/MANUAL_GCARNE_12_06_14.pdf,Content/brochure/MANUAL_GCARNE_12_06_14.pdf,,,8         ,2         ,12        ,10        ,10        ,58        ,19,NULL,NULL
8,72,Engorda Ganado Sinaloense,Alimento para mantenimiento y engorda del ganado.,Content/img/rumiantes/apiaba-gana-carne-balance-40.png,Content/brochure/MANUAL_GCARNE_12_06_14.pdf,Content/brochure/MANUAL_GCARNE_12_06_14.pdf,,,12        ,2         ,12        ,15        ,20        ,39        ,21,NULL,NULL
9,72,Estiaje Sosten,Alimento de mantenimieto para época seca.,Content/img/rumiantes/apiaba-gana-carne-balance-40.png,Content/brochure/MANUAL_GCARNE_12_06_14.pdf,Content/brochure/MANUAL_GCARNE_12_06_14.pdf,,,12        ,2         ,12        ,15        ,20        ,39        ,22,NULL,NULL
10,59,Estiaje Sosten,Alimento de mantenimieto para época seca.,Content/img/rumiantes/malta-gana-carne-40.png,Content/brochure/MANUAL_GCARNE_12_06_14.pdf,Content/brochure/MANUAL_GCARNE_12_06_14.pdf,,,12        ,2         ,12        ,15        ,20        ,39        ,12,NULL,NULL
11,72,Ganacarne Multiusos,Alimento para engorda y finalización del ganado.,Content/img/rumiantes/apiaba-gana-carne-balance-40.png,Content/brochure/MANUAL_GCARNE_12_06_14.pdf,Content/brochure/MANUAL_GCARNE_12_06_14.pdf,,,12        ,2         ,12        ,13        ,13        ,48        ,23,NULL,NULL
12,3,Beef Rol Max,Alimento para finalizar el ganado en los últimos 30 días.,Content/img/rumiantes/apiaba-apicarne-premium-40.png,Content/brochure/MANUAL_GCARNE_12_06_14.pdf,Content/brochure/MANUAL_GCARNE_12_06_14.pdf,,,12        ,3         ,12        ,9         ,8         ,53        ,7,NULL,NULL
13,3,Beef Rol Expo,Alimento para ganado de registro en exposición,Content/img/rumiantes/apiaba-apicarne-premium-40.png,Content/brochure/MANUAL_GCARNE_12_06_14.pdf,Content/brochure/MANUAL_GCARNE_12_06_14.pdf,,,13        ,3         ,12        ,9         ,9         ,55        ,8,NULL,NULL
14,70,Beef Rol Expo,Alimento para ganado de registro en exposición,Content/img/rumiantes/malta-beef-40.png,Content/brochure/MANUAL_GCARNE_12_06_14.pdf,Content/brochure/MANUAL_GCARNE_12_06_14.pdf,,,13        ,3         ,12        ,9         ,9         ,55        ,1,NULL,NULL
17,59,Mezcla Texi Engorda,Alimento para engorda y finalización del ganado.,Content/img/rumiantes/malta-gana-carne-40.png,Content/brochure/MANUAL_GCARNE_12_06_14.pdf,Content/brochure/MANUAL_GCARNE_12_06_14.pdf,,,13        ,2         ,12        ,12        ,10        ,51        ,13,NULL,NULL
18,59,Mezcla Ganadera,Alimento adicionado con zilpaterol para los últimos 45 días de la etapa de engorda,Content/img/rumiantes/malta-gana-carne-40.png,Content/brochure/MANUAL_GCARNE_12_06_14.pdf,Content/brochure/MANUAL_GCARNE_12_06_14.pdf,,,13        ,3         ,12        ,13        ,10        ,50        ,14,NULL,NULL
19,3,Engorda Ganado RE,Alimento para engorda y finalización del ganado.,Content/img/rumiantes/apiaba-apicarne-premium-40.png,Content/brochure/MANUAL_GCARNE_12_06_14.pdf,Content/brochure/MANUAL_GCARNE_12_06_14.pdf,,,12        ,2         ,12        ,10        ,14        ,50        ,9,NULL,NULL
20,3,Abamel 40% HE,Concentrado proteico para engorda de ganado. Ideal para mezclar con grano.,Content/img/rumiantes/apiaba-apicarne-premium-40.png,Content/brochure/MANUAL_GCARNE_12_06_14.pdf,Content/brochure/MANUAL_GCARNE_12_06_14.pdf,,,40        ,2         ,12        ,12        ,16        ,18        ,10,NULL,NULL
21,59,Mezcla Ganadera,Alimento para el mantenimiento del ganado en condiciones de pastoreo con pastos de baja calidad,Content/img/rumiantes/malta-gana-carne-40.png,Content/brochure/MANUAL_GCARNE_12_06_14.pdf,Content/brochure/MANUAL_GCARNE_12_06_14.pdf,,,12        ,2         ,12        ,15        ,20        ,39        ,17,NULL,NULL
22,58,Becerro Engorda 16%,Alimento formulado para complementar el ganado de engorda en condiciones de pastoreo de forrajes de baja calidad.,Content/img/rumiantes/malta-rumiantes-premium-40.png,Content/brochure/MANUAL_GCARNE_12_06_14.pdf,Content/brochure/MANUAL_GCARNE_12_06_14.pdf,,,16        ,2         ,12        ,14        ,18        ,38        ,2,NULL,NULL
23,71,Lechero 16% Alta sin Urea,Alimento recomendado para altas y medianas productoras. Presentación rolado.,Content/img/rumiantes/malta-rumiantes-premium-40.png,https://www.dropbox.com/s/qt38xu9vaax62w5/MANUAL%20GLECHE%2018.06.14.pdf?dl=0,,,,16        ,5         ,12        ,7         ,10        ,50        ,24,NULL,NULL
24,38,Apileche Plus 17%,Alimento para altas productoras con buen potencial genético. Presentación rolado.,Content/img/rumiantes/apiaba-apileche-40.png,https://www.dropbox.com/s/qt38xu9vaax62w5/MANUAL%20GLECHE%2018.06.14.pdf?dl=1,,,,17        ,3         ,12        ,9         ,9         ,50        ,1,NULL,NULL
25,38,Apileche Plus 17% Ultra,Alimento para vacas altas productoras.,Content/img/rumiantes/apiaba-apileche-40.png,https://www.dropbox.com/s/qt38xu9vaax62w5/MANUAL%20GLECHE%2018.06.14.pdf?dl=2,,,,17        ,3         ,12        ,9         ,9         ,50        ,2,NULL,NULL
26,38,Lechero Macro,Alimento para altas y medianas productoras.,Content/img/rumiantes/apiaba-apileche-40.png,https://www.dropbox.com/s/qt38xu9vaax62w5/MANUAL%20GLECHE%2018.06.14.pdf?dl=3,,,,13        ,3         ,12        ,10        ,10        ,52        ,3,NULL,NULL
27,0,Apileche 18%,Alimento para productoras arriba de 22lt diarios. Presentación comprimido y rolado.,Content/img/rumiantes/apiaba-apileche-40.png,https://www.dropbox.com/s/qt38xu9vaax62w5/MANUAL%20GLECHE%2018.06.14.pdf?dl=4,,,,18        ,5         ,12        ,8         ,8         ,49        ,4,NULL,NULL
28,40,Leche Pellet 18% sin Urea,"Alimento recomendado para altas y medianas productoras, formulado con alta energía y sin ure para maximizar la producción lecher",Content/img/rumiantes/malta-lechero-premium.png,https://www.dropbox.com/s/qt38xu9vaax62w5/MANUAL%20GLECHE%2018.06.14.pdf?dl=5,,,,18        ,5         ,12        ,7         ,10        ,48        ,25,NULL,NULL
29,38,Apileche 20%,"Alimento para altas y medianas productoras, en presentación rolado y comprimido.",Content/img/rumiantes/apiaba-apileche-40.png,https://www.dropbox.com/s/qt38xu9vaax62w5/MANUAL%20GLECHE%2018.06.14.pdf?dl=6,,,,20        ,5         ,12        ,8         ,8         ,47        ,5,NULL,NULL
30,40,Lechero 20%,Alimento para altas y medianas productoras. Presentación comprimido y harina.,Content/img/rumiantes/malta-lechero-premium.png,https://www.dropbox.com/s/qt38xu9vaax62w5/MANUAL%20GLECHE%2018.06.14.pdf?dl=7,,,,19        ,3         ,12        ,8         ,8         ,50        ,40,NULL,NULL
31,37,Mezcla Ganadera Lechero,Complemento para vacas lecheras en pastoreo con forrajes de baja calidad.,Content/img/rumiantes/apiaba-gana-leche-balance-40.png,https://www.dropbox.com/s/qt38xu9vaax62w5/MANUAL%20GLECHE%2018.06.14.pdf?dl=8,,,,16        ,2         ,12        ,14        ,18        ,38        ,1,NULL,NULL
33,37,Ganaleche 17% Especial,Alimento para vacas lecheras. Ofrecer 1kg de alimento por cada 3lt de leche producida.,Content/img/rumiantes/apiaba-gana-leche-balance-40.png,https://www.dropbox.com/s/qt38xu9vaax62w5/MANUAL%20GLECHE%2018.06.14.pdf?dl=10,,,,17        ,4         ,12        ,10        ,9         ,48        ,2,NULL,NULL
34,38,Lechero 16%,,Content/img/rumiantes/apiaba-apileche-40.png,https://www.dropbox.com/s/qt38xu9vaax62w5/MANUAL%20GLECHE%2018.06.14.pdf?dl=11,,,,16        ,2         ,12        ,10        ,10        ,50        ,6,NULL,NULL
35,38,Lechero Norteño,Alimento para altas y medianas productoras.,Content/img/rumiantes/apiaba-apileche-40.png,https://www.dropbox.com/s/qt38xu9vaax62w5/MANUAL%20GLECHE%2018.06.14.pdf?dl=12,,,,12        ,3         ,12        ,9         ,9         ,55        ,7,NULL,NULL
37,37,Lechero Campero,Alimento para Lechero Campero,Content/img/rumiantes/apiaba-gana-leche-balance-40.png,https://www.dropbox.com/s/qt38xu9vaax62w5/MANUAL%20GLECHE%2018.06.14.pdf?dl=13,,,,16        ,3         ,12        ,12        ,12        ,45        ,3,NULL,NULL
38,37,Establero 18%,Alimento para vacas lecheras en producción alimentadas con esquilmos agrícolas.,Content/img/rumiantes/apiaba-gana-leche-balance-40.png,https://www.dropbox.com/s/qt38xu9vaax62w5/MANUAL%20GLECHE%2018.06.14.pdf?dl=14,,,,18        ,2         ,12        ,13        ,13        ,42        ,4,NULL,NULL
40,0,18% Alta Producción,,Content/img/rumiantes/apiaba-apileche-40.png,https://www.dropbox.com/s/qt38xu9vaax62w5/MANUAL%20GLECHE%2018.06.14.pdf?dl=15,,,,15        ,NULL,NULL,NULL,NULL,NULL,8,NULL,NULL
41,37,Establero 20%,Alimento para vacas lecheras en producción alimentadas con esquilmos agrícolas.,Content/img/rumiantes/apiaba-gana-leche-balance-40.png,https://www.dropbox.com/s/qt38xu9vaax62w5/MANUAL%20GLECHE%2018.06.14.pdf?dl=16,,,,20        ,2         ,12        ,13        ,13        ,40        ,5,NULL,NULL
43,37,Ganaleche Altas Productoras,Alimento para vacas lecheras. Ofrecer 1kg de alimento por cada 3lt de leche producida.,Content/img/rumiantes/apiaba-gana-leche-balance-40.png,https://www.dropbox.com/s/qt38xu9vaax62w5/MANUAL%20GLECHE%2018.06.14.pdf?dl=17,,,,17        ,4         ,12        ,10        ,10        ,47        ,6,NULL,NULL
44,37,Ganaleche 21% Especial,,Content/img/rumiantes/apiaba-gana-leche-balance-40.png,https://www.dropbox.com/s/qt38xu9vaax62w5/MANUAL%20GLECHE%2018.06.14.pdf?dl=18,,,,21        ,2         ,12        ,10        ,10        ,45        ,7,NULL,NULL
45,37,Lechero 21%,Alimento para altas productoras con semilla de algodón que favorece la producción de leche.,Content/img/rumiantes/apiaba-gana-leche-balance-40.png,https://www.dropbox.com/s/qt38xu9vaax62w5/MANUAL%20GLECHE%2018.06.14.pdf?dl=19,,,,21        ,2         ,12        ,10        ,10        ,45        ,8,NULL,NULL
47,37,Lechero Sinaloense,Alimento para Lechero Sinaloense,Content/img/rumiantes/apiaba-gana-leche-balance-40.png,https://www.dropbox.com/s/qt38xu9vaax62w5/MANUAL%20GLECHE%2018.06.14.pdf?dl=20,,,,15        ,3         ,12        ,8         ,6         ,56        ,9,NULL,NULL
48,37,Suplemento Energético,Producto con alta energía para mezclar con forraje de buena calidad.,Content/img/rumiantes/apiaba-gana-leche-balance-40.png,https://www.dropbox.com/s/qt38xu9vaax62w5/MANUAL%20GLECHE%2018.06.14.pdf?dl=21,,,,13        ,4         ,12        ,6         ,8         ,57        ,10,NULL,NULL
51,38,Leche 18% Alta sin Urea,Alimento recomendado para altas y medianas productoras,Content/img/rumiantes/apiaba-apileche-40.png,https://www.dropbox.com/s/qt38xu9vaax62w5/MANUAL%20GLECHE%2018.06.14.pdf?dl=25,,,,18        ,5         ,12        ,7         ,10        ,48        ,9,NULL,NULL
52,40,Leche 18% Alta sin Urea,Alimento recomendado para altas y medianas productoras,Content/img/rumiantes/malta-lechero-premium.png,https://www.dropbox.com/s/qt38xu9vaax62w5/MANUAL%20GLECHE%2018.06.14.pdf?dl=25,,,,18        ,5         ,12        ,7         ,10        ,48        ,27,NULL,NULL
53,40,Alimento Vacas Lecheras 18%,Alimento para productoras arriba de 22lt diarios. Presentación rolado y comprimido.,Content/img/rumiantes/malta-lechero-premium.png,https://www.dropbox.com/s/qt38xu9vaax62w5/MANUAL%20GLECHE%2018.06.14.pdf?dl=26,,,,18        ,5         ,12        ,8         ,8         ,49        ,28,NULL,NULL
54,40,Alimento Vacas Lecheras 20%,"Alimento para altas productoras, en presentación rolado y comprimido.",Content/img/rumiantes/malta-lechero-premium.png,https://www.dropbox.com/s/qt38xu9vaax62w5/MANUAL%20GLECHE%2018.06.14.pdf?dl=27,,,,20        ,5         ,12        ,8         ,8         ,47        ,29,NULL,NULL
55,38,Lechero 20%,Alimento para altas productoras con semilla de algodón que favorece la producción de leche.,Content/img/rumiantes/apiaba-apileche-40.png,https://www.dropbox.com/s/qt38xu9vaax62w5/MANUAL%20GLECHE%2018.06.14.pdf?dl=28,,,,19        ,3         ,12        ,8         ,8         ,50        ,10,NULL,NULL
56,40,Lechero 20%,Alimento para altas productoras con semilla de algodón que favorece la producción de leche.,Content/img/rumiantes/malta-lechero-premium.png,https://www.dropbox.com/s/qt38xu9vaax62w5/MANUAL%20GLECHE%2018.06.14.pdf?dl=28,,,,19        ,3         ,12        ,8         ,8         ,50        ,26,NULL,NULL
57,42,Becerras Ultra,Alimento preiniciador que favorce el rápido crecimiento del becerro. Recomendado a partir de la semana 3 hasta el destete,Content/img/rumiantes/malta-ababe-premium-40.png,https://www.dropbox.com/s/7zmtkagtlpj0b5b/MANUAL%20GCARNE%2012-06-14.pdf?dl=18,,,,18        ,3         ,12        ,10        ,7         ,50        ,41,NULL,NULL
58,42,Ababe Plus,Alimento de segunda etapa recomendado a partir del destete a los 6 meses de edad.,Content/img/rumiantes/malta-ababe-premium-40.png,https://www.dropbox.com/s/7zmtkagtlpj0b5b/MANUAL%20GCARNE%2012-06-14.pdf?dl=19,,,,20        ,2         ,12        ,8         ,8         ,50        ,42,NULL,NULL
59,42,Abahor Plus,"Alimento para vaquillas de reemplazo, gestantes y secas.",Content/img/rumiantes/malta-ababe-premium-40.png,https://www.dropbox.com/s/7zmtkagtlpj0b5b/MANUAL%20GCARNE%2012-06-14.pdf?dl=20,,,,14        ,2.5       ,12        ,11        ,8         ,52.5      ,43,NULL,NULL
60,53,Borregos Forte,Alimento para borregos en etapa de engorda y finalización.,Content/img/rumiantes/malta-ovinos-ganador-40.png,NA,,,,15        ,3         ,12        ,7         ,6         ,57        ,1,NULL,NULL
61,53,Borregas Reproductoras,"Alimento para borregas de cría: 30 días antes del empadre, durante el periodo de gestación y lactancia.",Content/img/rumiantes/malta-ovinos-ganador-40.png,NA,,,,16        ,3         ,12        ,9         ,10        ,50        ,2,NULL,NULL
62,53,Borrego Ganador®,"Alimento para borregos en el periodo de engorda y finalización, así como para borregas de cría. ",Content/img/rumiantes/malta-ovinos-ganador-40.png,NA,,,,13        ,2         ,12        ,8         ,10        ,55        ,4,NULL,NULL
63,53,Engorda Borregos,Alimento para borregos a partir del destete hasta su salida al mercado.,Content/img/rumiantes/malta-ovinos-ganador-40.png,NA,,,,15        ,3         ,12        ,8         ,7         ,55        ,3,NULL,NULL
64,54,Capri Leche 18%TEC,Alimento con grano rolado para cabras lecheras de alta producción.,Content/img/rumiantes/malta-caprinos-ganador-40.png,,,,,18        ,4         ,12        ,8         ,8         ,50        ,1,NULL,NULL
65,54,Capri Leche 18%,Alimento con grano rolado para cabras lecheras en producción.,Content/img/rumiantes/malta-caprinos-ganador-40.png,,,,,18        ,3         ,12        ,8         ,8         ,51        ,2,NULL,NULL
66,54,Capri Crecimiento,"Alimento balanceado para crecimiento, desarrollo y mantenimineto de cabras.",Content/img/rumiantes/malta-caprinos-ganador-40.png,,,,,16        ,2.5       ,12        ,10        ,9         ,50.5      ,3,NULL,NULL
67,54,Capri Inicio Ultra,Alimento balanceado para la etapa de iniciación de las cabras.,Content/img/rumiantes/malta-caprinos-ganador-40.png,,,,,18        ,4         ,12        ,4         ,9         ,53        ,4,NULL,NULL
68,4,Youpig! Baby,Preinciador para lechones antes de 21 días o menos de 6 kg al destete.,Content/img/cerdo/youpig-baby-25.png,,Content/brochure/FTECNICAS_YOUPIG_1_DIGITAL.pdf,,,20.5      ,7.5       ,12        ,2.5       ,6.5       ,51        ,1,NULL,NULL
69,4,Youpig! 1,Preiniciador para lechones del día 21 al 32 o de 6 kg a 9 kg de peso   corporal,Content/img/cerdo/youpig-1-25.png,,Content/brochure/FTECNICAS_YOUPIG_2_DIGITAL.pdf,,,20        ,7         ,12        ,3         ,6         ,52        ,2,NULL,NULL
70,4,Youpig! 2,Preiniciador para lechones del día 32 al 42 o de 9 kg a 12 kg de peso  corporal,Content/img/cerdo/youpig-2-40.png,,Content/brochure/FTECNICAS_YOUPIG_3_DIGITAL.pdf,,,19        ,5.5       ,12        ,3         ,6.5       ,54        ,3,NULL,NULL
71,4,Youpig! 3,Preiniciador para lechones del día 42 al 49 o de 12 kg a 16 kg de peso corporal,Content/img/cerdo/youpig-3-40.png,,Content/brochure/FTECNICAS_YOUPIG_4_DIGITAL.pdf,,,18.5      ,4.5       ,12        ,3.5       ,6         ,55.5      ,4,NULL,NULL
72,4,Youpig! Inicio,Preiniciador para lechones del día 50 a 70 o de 15 kg a 30 kg de peso corporal,Content/img/cerdo/youpig-inicio-40.png,,Content/brochure/FTECNICAS_YOUPIG_5_DIGITAL.pdf,,,18        ,4         ,12        ,3         ,6         ,57        ,5,NULL,NULL
73,18,Growpig! Crecimiento,Alimento Balanceado medicado para el óptimo crecimiento de cerdos en un rango de peso vivo de entre 30 y 50 kgs.,Content/img/cerdo/malta-growpig-crecimiento-40.png,,Content/brochure/FICHAS_TECS_GROWPIG_1.pdf,,,17        ,4         ,12        ,3         ,6         ,58        ,1,NULL,NULL
74,18,Growpig! Desarrollo,Alimento para el óptimo crecimiento de cerdos en un rango de peso vivo de entre 50 y 75 kg.,Content/img/cerdo/malta-growpig-desarrollo-40.png,,Content/brochure/FICHAS_TECS_GROWPIG_2.pdf,,,15        ,4         ,12        ,3         ,6         ,60        ,2,NULL,NULL
75,18,Growpig! Poder,Alimento finalizador de cerdo. Indicado durante las últimas 4 semanas de la engorda. En un rango de peso entre 75 y 100 kg,Content/img/cerdo/malta-growpig-poder-40.png,,Content/brochure/FICHAS_TECS_GROWPIG_3.pdf,,,16.5      ,3.5       ,12        ,3.5       ,5         ,59.5      ,3,NULL,NULL
76,18,Growpig! Gestación,Alimento Superpremium Balanceado para cerdas en gestación,Content/img/cerdo/malta-growpig-gestacion-40.png,,Content/brochure/FICHAS_TECS_GROWPIG_4.pdf,,,13.5      ,4         ,12        ,7         ,6.5       ,57        ,4,NULL,NULL
77,18,Growpig! Lactancia,Alimento Superpremium balanceado para cerdas en lactancia,Content/img/cerdo/malta-growpig-lactancia-40.png,,Content/brochure/FICHAS_TECS_GROWPIG_5.pdf,,,17.5      ,5.5       ,12        ,6.5       ,6.5       ,52        ,5,NULL,NULL
78,20,Súper Apilac Ultra 1,Preiniciador medicado para lechones de 22 a 35 días de edad,Content/img/cerdo/super-apilac-ultra-1-25.png,,Content/brochure/Ficha_Apilac.png,,,21        ,6         ,12        ,2.5       ,6.5       ,52        ,1,NULL,NULL
79,20,Súper Apilac 2,Preiniciador medicado para lechones de 36 a 49 días de edad,Content/img/cerdo/super-apilac-ultra-2-25.png,,Content/brochure/Ficha_Apilac.png,,,19.5      ,5.5       ,12        ,3         ,6.5       ,53.5      ,2,NULL,NULL
80,20,Súper Apilac 3,Preiniciador medicado para lechones de 50 a 70 días de edad,Content/img/cerdo/super-apilac-ultra-3-25.png,,Content/brochure/Ficha_Apilac.png,,,18        ,5         ,12        ,3.5       ,7         ,54.5      ,3,NULL,NULL
81,50,Carnerina No. 1,Alimento Iniciador hasta los 35 Kg. de peso,Content/img/cerdo/api-aba-carnerina-premium-20.png,,Content/brochure/Carnerina.pdf,,,18        ,4         ,12        ,4         ,8         ,54        ,74,NULL,NULL
82,50,Carnerina No. 2,"Fase de Crecimiento, para cerdos entre 35 y 70 Kg. de peso",Content/img/cerdo/api-aba-carnerina-premium-40.png,,Content/brochure/Carnerina.pdf,,,16        ,3         ,12        ,5         ,8         ,56        ,75,NULL,NULL
83,50,Carnerina No. 3,Alimento para cerdos en fase de engorda. Suministrar desde los 70 kg hasta su salida al mercado,Content/img/cerdo/api-aba-carnerina-premium-40.png,,Content/brochure/Carnerina.pdf,,,14        ,3         ,12        ,5         ,8         ,58        ,76,NULL,NULL
84,50,Finalizador Engorda Cerdos,Alimento finalizador con Ractopamina,Content/img/cerdo/api-aba-carnerina-premium-20.png,,Content/brochure/Carnerina.pdf,,,16        ,3         ,12        ,4         ,7         ,58        ,77,NULL,NULL
85,50,Carnerina No.4 Lactancia,Alimento para cerdas en lactancia: Dar 2 Kg. más 1/2 Kg. por cada lechón amamantado,Content/img/cerdo/api-aba-carnerina-premium-20.png,,Content/brochure/Carnerina.pdf,,,17        ,6         ,12        ,6         ,10        ,49        ,78,NULL,NULL
86,50,Carnerina No.5 Gestación,Alimento para cerdas gestantes: Dar de 2 a 3 Kg según condición corporal.,Content/img/cerdo/api-aba-carnerina-premium-20.png,,Content/brochure/Carnerina.pdf,,,13        ,4         ,12        ,7         ,10        ,54        ,79,NULL,NULL
87,50,Concentrado Carnerina Crecimiento-Engorda,Alimento Concentrado para cerdos de 30 a 70 Kg.,Content/img/cerdo/api-aba-carnerina-premium-20.png,,Content/brochure/Carnerina.pdf,,,36        ,2         ,12        ,10        ,22        ,18        ,80,NULL,NULL
88,50,Concentrado Carnerina Crecimiento-Engorda Reproductores,"Alimento concentrado para cerdos en etapa de gestación, lactancia o sementales",Content/img/cerdo/api-aba-carnerina-premium-20.png,,Content/brochure/Carnerina.pdf,,,35        ,2         ,12        ,12        ,24        ,15        ,81,NULL,NULL
89,21,Iniciapork Mejorado,Iniciador para cerdos hasta los 35 Kg.,Content/img/cerdo/api-aba-pork-20.png,,Content/brochure/PORK.jpg,,,17.5      ,2.5       ,12        ,5         ,9         ,54        ,1,NULL,MVZ|PROD|DIST
90,21,Crecipork Mejorado,Alimento para cerdos en fase de crecimiento de los 35 hasta los 70 Kg. de peso,Content/img/cerdo/api-aba-pork-20.png,,Content/brochure/PORK.jpg,,,15.5      ,2.5       ,12        ,7         ,9         ,54        ,2,NULL,MVZ|PROD|DIST
91,21,Engordapork Mejorado,Alimento para cerdos en fase de engorda de los 70 Kg. hasta su salida al mercado,Content/img/cerdo/api-aba-pork-20.png,,Content/brochure/PORK.jpg,,,13.5      ,2.5       ,12        ,8         ,9         ,55        ,3,NULL,MVZ|PROD|DIST
92,21,Reprodupork Mejorado,"Alimento para cerdas gestantes, en lactancia o sementales",Content/img/cerdo/api-aba-pork-20.png,,Content/brochure/PORK.jpg,,,14.5      ,2.5       ,12        ,8         ,10        ,53        ,4,NULL,MVZ|PROD|DIST
93,21,Concentrapork Mejorado,Concentrado para cerdos en desarrollo de los 35 Kg hasta su peso de mercado,Content/img/cerdo/api-aba-pork-20.png,,Content/brochure/PORK.jpg,,,36        ,2         ,12        ,10        ,25        ,15        ,5,NULL,MVZ|PROD|DIST
94,51,Cerdipower Crecimiento,"Fase de Crecimiento, para cerdos entre 35 y 70 Kg. de peso",Content/img/cerdo/malta-cerdipower-40.png,,Content/brochure/Carnerina.pdf,,,16        ,3         ,12        ,5         ,8         ,56        ,90,NULL,NULL
95,51,Cerdipower Finalizador,"Fase de Engorda, suministrar de 70 Kg. hasta su salida a mercado",Content/img/cerdo/malta-cerdipower-40.png,,Content/brochure/Carnerina.pdf,,,14        ,3         ,12        ,5         ,8         ,58        ,91,NULL,NULL
96,51,Cerdipower Lactancia,Alimento para cerdas en lactancia: Dar 2 Kg. más 1/2 Kg. por cada lechon amamantado,Content/img/cerdo/malta-cerdipower-40.png,,Content/brochure/Carnerina.pdf,,,17        ,6         ,12        ,6         ,10        ,49        ,92,NULL,NULL
97,51,Cerdipower Gestación,Alimento para cerdas gestantes: Dar de 2 a 3 Kg. según condición corporal,Content/img/cerdo/malta-cerdipower-40.png,,Content/brochure/Carnerina.pdf,,,13        ,4         ,12        ,7         ,10        ,54        ,93,NULL,NULL
98,51,Concentrado Cerdipower Crecimiento Engorda,Alimento Finalizador con Ractopamina,Content/img/cerdo/malta-cerdipower-40.png,,Content/brochure/Carnerina.pdf,,,36        ,2         ,12        ,10        ,22        ,18        ,94,NULL,NULL
99,51,Concentrado Cerdipower Reproductores,Alimento Concentrado para cerdos de 30 a 70 Kg. ,Content/img/cerdo/malta-cerdipower-40.png,,Content/brochure/Carnerina.pdf,,,35        ,2         ,12        ,12        ,24        ,15        ,95,NULL,NULL
100,45,Genesa,Alimento para pollo de engorda desde el dia 0 al 14 de edad,Content/img/pollo/genesa-20.png,,Content/brochure/ficha_tec_gen.pdf,,,22        ,4         ,12        ,4         ,8         ,50        ,NULL,NULL,NULL
101,63,Golden egg Fase 1,Alimento para aves de postura adicionado con Perfegg desde la postura del primer huevo hasta las 36 semanas de edad,Content/img/pollo/golden-egg-40.png,,Content/brochure/ficha_tec_golden.pdf,,,18        ,5         ,12        ,4         ,15        ,46        ,NULL,NULL,NULL
102,63,Golden egg Fase 2,Alimento para aves de postura adicionado con Perfegg de las 37 a las 60 semanas de edad,Content/img/pollo/golden-egg-40.png,,Content/brochure/ficha_tec_golden.pdf,,,17.5      ,4         ,12        ,3.5       ,14        ,49        ,NULL,NULL,NULL
103,63,Golden egg Fase 3,Alimento para aves de postura adicionado con Perfegg de las 61 a las 103 semanas de edad,Content/img/pollo/golden-egg-40.png,,Content/brochure/ficha_tec_golden.pdf,,,17        ,5         ,12        ,3.5       ,14        ,48.5      ,NULL,NULL,NULL
104,63,Golden egg Pelecha,Alimento para aves de postura durante el 2o ciclo de producción,Content/img/pollo/golden-egg-40.png,,Content/brochure/ficha_tec_golden.pdf,,,16        ,3.5       ,12        ,3.5       ,15.5      ,49.5      ,NULL,NULL,NULL
105,7,Super-Baby Plus Te,Alimento para aves de postura desde el 1er día hasta la semana 6 de edad,Content/img/pollo/apiaba-super-baby-40.png,Content/brochure/MANUAL_AVES_APIABA_1_23.pdf,Content/brochure/MANUAL_AVES_APIABA_24_56.pdf,,,21        ,3         ,12        ,4         ,8         ,52        ,3,NULL,NULL
106,83,Pollorina No. 1 Plus Te,Alimento para aves de postura de la semana 7 a la 10 de edad,Content/img/pollo/apiaba-pollorina-plus-40.png,Content/brochure/MANUAL_AVES_APIABA_1_23.pdf,Content/brochure/MANUAL_AVES_APIABA_24_56.pdf,,,18        ,3         ,12        ,7         ,8         ,52        ,1,NULL,NULL
107,83,Pollorina No. 2 Plus Te,Alimento para aves de postura de la semana 11 a la 13 de edad,Content/img/pollo/apiaba-pollorina-plus-40.png,Content/brochure/MANUAL_AVES_APIABA_1_23.pdf,Content/brochure/MANUAL_AVES_APIABA_24_56.pdf,,,16        ,3         ,12        ,7         ,10        ,52        ,2,NULL,NULL
108,83,Pollorina Prepostura,Alimento para aves de postura de la semana 14 a la 16 de edad,Content/img/pollo/apiaba-pollorina-plus-40.png,Content/brochure/MANUAL_AVES_APIABA_1_23.pdf,Content/brochure/MANUAL_AVES_APIABA_24_56.pdf,,,15        ,2.5       ,12        ,3.5       ,11        ,56        ,4,NULL,NULL
109,0,Pollorina Fase I,Alimento para aves de postura de la semana 17 a la 36 de edad,Content/img/pollo/apiaba-pollorina-plus-40.png,Content/brochure/MANUAL_AVES_APIABA_1_23.pdf,Content/brochure/MANUAL_AVES_APIABA_24_56.pdf,,,18        ,4         ,12        ,4         ,15        ,46        ,5,NULL,NULL
110,83,Pollorina Fase II,Alimento para aves de postura de la semana 37 a la 60 de edad,Content/img/pollo/apiaba-pollorina-plus-40.png,Content/brochure/MANUAL_AVES_APIABA_1_23.pdf,Content/brochure/MANUAL_AVES_APIABA_24_56.pdf,,,17.5      ,4         ,12        ,3.5       ,14        ,49        ,6,NULL,NULL
111,83,Pollorina Fase III,Alimento para aves de postura de la semana 61 a la 103 de edad,Content/img/pollo/apiaba-pollorina-plus-40.png,Content/brochure/MANUAL_AVES_APIABA_1_23.pdf,Content/brochure/MANUAL_AVES_APIABA_24_56.pdf,,,17        ,5         ,12        ,3.5       ,14        ,48.5      ,7,NULL,NULL
112,83,Pollorina Pelecha Completo,Alimento para aves de postura de 2o ciclo,Content/img/pollo/apiaba-pollorina-plus-40.png,Content/brochure/MANUAL_AVES_APIABA_1_23.pdf,Content/brochure/MANUAL_AVES_APIABA_24_56.pdf,,,16        ,3.5       ,12        ,3.5       ,15.5      ,49.5      ,8,NULL,NULL
113,64,Pone Oro Iniciacion,Alimento para aves de postura de la semana 0 a la 10 de edad,Content/img/pollo/apiaba-pone-oro-balance-40.png,Content/brochure/MANUAL_AVES_APIABA_1_23.pdf,Content/brochure/MANUAL_AVES_APIABA_24_56.pdf,,,16        ,2.5       ,12        ,7         ,9         ,53.5      ,NULL,NULL,MVZ|PROD|DIST
114,64,Pone Oro Desarrollo,Alimento para aves de postura de la semana 11 a la 18 de edad,Content/img/pollo/apiaba-pone-oro-balance-40.png,Content/brochure/MANUAL_AVES_APIABA_1_23.pdf,Content/brochure/MANUAL_AVES_APIABA_24_56.pdf,,,10        ,2         ,12        ,8         ,10        ,58        ,NULL,NULL,MVZ|PROD|DIST
115,64,Pone Oro 16% Plus Te,Alimento para gallinas a partir de que han roto postura y durante todo el ciclo productivo,Content/img/pollo/apiaba-pone-oro-balance-40.png,Content/brochure/MANUAL_AVES_APIABA_1_23.pdf,Content/brochure/MANUAL_AVES_APIABA_24_56.pdf,,,16        ,3         ,12        ,5         ,16        ,48        ,NULL,NULL,MVZ|PROD|DIST
116,65,Gana Aves Multiusos,Alimento completo para todas las etapas del ciclo de postura,Content/img/pollo/apiaba-pone-oro-balance-40.png,Content/brochure/MANUAL_AVES_APIABA_1_23.pdf,Content/brochure/MANUAL_AVES_APIABA_24_56.pdf,,,10        ,2.5       ,12        ,5         ,16        ,54.5      ,NULL,NULL,NULL
117,62,Genesa,Alimento para pollo de engorda desde el dia 0 al 14 de edad,Content/img/pollo/genesa-20.png,Content/brochure/Planes_Engorda_Ae.png,Content/brochure/ficha_tec_gen.pdf,,,22        ,4         ,12        ,4         ,8         ,50        ,NULL,NULL,NULL
118,47,Caporina Iniciador,Alimento para Pollo de Engorda desde el día 0 al 14 de edad,Content/img/pollo/malta-caporina-premium-40.png,Content/brochure/MANUAL_AVES_MALTA_1_23.pdf,Content/brochure/MANUAL_AVES_MALTA_1_23.pdf,,,22        ,3.5       ,12        ,3         ,7         ,52.5      ,NULL,NULL,NULL
119,47,Caporina Crecimiento,Alimento para Pollo de Engorda desde el día 15 al 28 de edad,Content/img/pollo/malta-caporina-premium-40.png,Content/brochure/MANUAL_AVES_MALTA_1_23.pdf,Content/brochure/MANUAL_AVES_MALTA_1_23.pdf,,,19        ,3.5       ,12        ,3         ,7         ,55.5      ,NULL,NULL,NULL
120,47,Caporina Finalizador,Alimento para Pollo de Engorda desde el día 29 al 42 o su salida al mercado,Content/img/pollo/malta-caporina-premium-40.png,Content/brochure/MANUAL_AVES_MALTA_1_23.pdf,Content/brochure/MANUAL_AVES_MALTA_1_23.pdf,,,19        ,3.5       ,12        ,3         ,7         ,55.5      ,NULL,NULL,NULL
121,49,Pollito Especial,Alimento para Pollo de Engorda de 1 a 21 días de edad especial para traspatio y venta por kileo,Content/img/pollo/malta-pollo-especial-balance-40.png,Content/brochure/MANUAL_AVES_MALTA_1_23.pdf,Content/brochure/MANUAL_AVES_MALTA_1_23.pdf,,,19        ,4         ,12        ,6         ,8         ,51        ,NULL,NULL,MVZ|PROD|DIST
122,0,Pollito Oro,Alimento para pollitos de engorda desde el día 1o. al 21 de edad,Content/img/pollo/malta-pollo-especial-balance-40.png,Content/brochure/MANUAL_AVES_MALTA_1_23.pdf,Content/brochure/MANUAL_AVES_MALTA_1_23.pdf,,,21        ,3.5       ,12        ,3         ,7         ,53.5      ,NULL,NULL,NULL
123,49,Pollo Especial,"Alimento para pollos de engorda de 22 días en adelante, especial para traspatio y venta por Kileo",Content/img/pollo/malta-pollo-especial-balance-40.png,Content/brochure/MANUAL_AVES_MALTA_1_23.pdf,Content/brochure/MANUAL_AVES_MALTA_1_23.pdf,,,17        ,4         ,12        ,6         ,8         ,53        ,NULL,NULL,MVZ|PROD|DIST
124,0,Pollo Oro,Alimento para pollos de engorda desde el día 21 de edad hasta su salida al mercado,Content/img/pollo/malta-pollo-especial-balance-40.png,Content/brochure/MANUAL_AVES_MALTA_1_23.pdf,Content/brochure/MANUAL_AVES_MALTA_1_23.pdf,,,18        ,4.5       ,12        ,3         ,7         ,55.5      ,NULL,NULL,NULL
125,49,Pollo Oro Depósito,Alimento para pollos de engorda recomendado para los últimos 2 días antes de su salida al mercado,Content/img/pollo/malta-pollo-especial-balance-40.png,Content/brochure/MANUAL_AVES_MALTA_1_23.pdf,Content/brochure/MANUAL_AVES_MALTA_1_23.pdf,,,10        ,3.5       ,12        ,4         ,10        ,60.5      ,NULL,NULL,MVZ|PROD|DIST
128,33,Súper Baby / Premium,"Alimento formulado para favorecer el rápido desarrollo del pollito de combate, manteniendo un buen estado de salud.",Content/img/gallos/gallo-de-oro-super-baby-40.png,,,,,21        ,3         ,12        ,4         ,8         ,52        ,3,NULL,NULL
129,33,Inicio / Premium,"Alimento especializado para nutrir al pollito desde el nacimiento hasta la cuarta semana de vida, promoviendo su adecuado crecimiento, medicado para prevenir la coccidiosis.",Content/img/gallos/gallo-de-oro-40.png,,,,,26        ,2         ,12        ,8         ,8         ,44        ,2,NULL,NULL
130,33,Desarrollo  / Balance,"Fórmula diseñada para lograr un adecuado desarrollo, para las aves a partir de la novena semana de vida.",Content/img/gallos/gallo-de-oro-40.png,,,,,17        ,3         ,12        ,6         ,7         ,55        ,4,NULL,NULL
131,33,Propluma / Premium,Alimento especializado para el periodo de recuperación de la pluma.,Content/img/gallos/gallo-de-oro-40.png,,Content/brochure/FICHA_G_de_Oro_Propluma.pdf,,,16        ,6         ,12        ,4         ,5         ,57        ,6,NULL,NULL
132,33,Reproductor / Premium,"Alimento especializado para las aves reproductoras, formulado para mejorar la fertilidad además de  brindar una excelente calidad del cascarón del huevo.",Content/img/gallos/gallo-de-oro-40.png,,,,,16        ,2.5       ,12        ,6         ,13        ,50.5      ,1,NULL,NULL
134,33,Athlétic / Premium,"Alimento de calidad superior (Premium), para aves de combate en el periodo de cuida.",Content/img/gallos/gallo-de-oro-40.png,,Content/brochure/FICHA_G_de_Oro_Athletc.pdf,,,18        ,4         ,12        ,4         ,4         ,58        ,8,NULL,NULL
135,33,Mantenimiento / Estándard,"Fórmula diseñada para los periodos de recuperación, entre un combate y otro; sin actividad física.",Content/img/gallos/gallo-de-oro-40.png,,,,,9.5       ,3         ,12        ,3         ,4         ,68.5      ,5,NULL,NULL
136,33,Preparación Plus / Balance,Fórmula especializada para el periodo de ¨prekeeping¨ o aves que están próximas a entrar al periodo de cuida.,Content/img/gallos/gallo-de-oro-40.png,,,,,9         ,3         ,12        ,6         ,6         ,64        ,7,NULL,NULL
137,33,Rooster Mix / Estándard,Fórmula multietapas para ser complementada con el los ingredientes que el criador o pastor seleccionen.,Content/img/gallos/gallo-de-oro-40.png,,,,,8         ,3         ,12        ,5         ,5         ,67        ,9,NULL,NULL
138,8,Pavo Max Premium 1,Alimento para pavos desde el nacimiento al día 28 de edad,Content/img/pavo/malta-pavo-max-40.png,,Content/brochure/PLAN_DE_ALIMENTACION_CARTA_PAVOS_API_ABA_JPG.jpg,,,28        ,2.5       ,12        ,5         ,7.5       ,45        ,1,NULL,NULL
139,8,Pavo Max Premium 2,Alimento para pavos de las 5 a las 8 semanas de edad.,Content/img/pavo/malta-pavo-max-40.png,,Content/brochure/PLAN_DE_ALIMENTACION_CARTA_PAVOS_API_ABA_JPG.jpg,,,24        ,2.5       ,12        ,5         ,8         ,48.5      ,2,NULL,NULL
140,8,Pavo Max Premium 3,Alimento para pavos de las 9 semanas y durante todo el ciclo de engorda,Content/img/pavo/malta-pavo-max-40.png,,Content/brochure/PLAN_DE_ALIMENTACION_CARTA_PAVOS_API_ABA_JPG.jpg,,,21        ,7         ,12        ,5         ,8         ,47        ,3,NULL,NULL
141,60,Pavo Iniciación ,Alimento de Iniciaición con 22% de proteína: Desde el nacimiento las 5 semanas,Content/img/pavo/malta-pavo-ganador-40.png,,Content/brochure/PLAN_DE_ALIMENTACION_CARTA_PAVOS_API_ABA_JPG.jpg,,,22        ,2.5       ,12        ,5         ,9         ,49.5      ,NULL,NULL,NULL
142,60,Pavo Desarrollo ,Alimento para el crecimiento y desarrollo con 18% de proteína: Desde la semana 6 a la semana 10,Content/img/pavo/malta-pavo-ganador-40.png,,Content/brochure/PLAN_DE_ALIMENTACION_CARTA_PAVOS_API_ABA_JPG.jpg,,,18        ,2.5       ,12        ,7         ,9         ,51.5      ,NULL,NULL,NULL
143,60,Pavo Engorda ,Alimento de Finalización con 16% de proteína: Desde la semana 11 hasta la salida al mercado,Content/img/pavo/malta-pavo-ganador-40.png,,Content/brochure/PLAN_DE_ALIMENTACION_CARTA_PAVOS_API_ABA_JPG.jpg,,,16        ,2.5       ,12        ,8         ,9         ,52.5      ,NULL,NULL,NULL
144,9,Codorniz Inicio,Alimento para codornices para los primeros 21 días de edad,Content/img/pollo/apiaba-caporina-premium-40.png,,Content/brochure/PLAN_CODORINIZ_TAMANO_CARTA.PDF,,,28        ,3         ,12        ,3         ,8         ,46        ,1,NULL,NULL
145,9,Codorniz Engorda,Alimento para codornices desde los 22 días de edad hasta el sacrificio o la postura,Content/img/pollo/apiaba-caporina-premium-40.png,,Content/brochure/PLAN_CODORINIZ_TAMANO_CARTA.PDF,,,22        ,3         ,12        ,5         ,8         ,50        ,2,NULL,NULL
146,9,Codorniz Postura,Alimento para codornices ponedoras de alta producción,Content/img/pollo/apiaba-caporina-premium-40.png,,Content/brochure/PLAN_CODORINIZ_TAMANO_CARTA.PDF,,,21        ,3         ,12        ,4         ,10        ,50        ,3,NULL,NULL
147,14,B-150,"Yeguas gestantes, lactantes, potros primeros 2 meses y sementales",Content/img/caballo/royal-horse-b-150-25.png,,,https://www.youtube.com/channel/UCBvJaUA_g__psZFdz_eJ3ww,,16.6      ,6         ,12        ,9         ,7         ,50        ,1,NULL,NULL
148,14,B-300,Potros en crecimiento de 3 a 12 meses de edad,Content/img/caballo/royal-horse-b-300-25.png,,Content/brochure/FICHA_Royal_Horse_B___300.pdf,https://www.youtube.com/channel/UCBvJaUA_g__psZFdz_eJ3ww,,18        ,6         ,12        ,6         ,6         ,52        ,2,NULL,NULL
149,14,H-250,"Para caballos de competencia (Carreras), actividad intensa y corta duración, facilia la recuperación",Content/img/caballo/royal-horse-h-250-25.png,,,https://www.youtube.com/channel/UCBvJaUA_g__psZFdz_eJ3ww,,14        ,6         ,12        ,8         ,8         ,52        ,3,NULL,NULL
150,14,H-350,"Fórmula para sostener el esfuerzo intenso. Caballos que participan en competencias (resistencia, prueba completa, caballos de carreras de larga distancia, charrería, polo, etc.)",Content/img/caballo/royal-horse-h-350-25.png,,Content/brochure/FICHA_Royal_Horse_H___350.pdf,https://www.youtube.com/channel/UCBvJaUA_g__psZFdz_eJ3ww,,14        ,9         ,12        ,8         ,8         ,49        ,4,NULL,NULL
151,14,H-380,Alimento en presentación de pellets axtruidos en forma de nuggets formulado para un Alto Desempeño Atlético de caballos que realizan actividades de velocidad hasta de resistencia,Content/img/caballo/royal-horse-h-380-25.png,,Content/brochure/FICHA_Royal_Horse_H___380.pdf,https://www.youtube.com/channel/UCBvJaUA_g__psZFdz_eJ3ww,,14        ,9         ,12        ,7         ,7         ,52        ,5,NULL,NULL
152,14,H-400,Suplemento proteico en pellets. Ideal para caballos que con formación de tejido muscular o con esfuerzo físimo intenso. Enriquecer la alimentación de yeguas lactantes o gestante. Caballos en los que se busca mejorar su condición corporal.,Content/img/caballo/royal-horse-h-400-25.png,,,https://www.youtube.com/channel/UCBvJaUA_g__psZFdz_eJ3ww,,33        ,3         ,12        ,4         ,16        ,32        ,6,NULL,NULL
153,14,H-480,Suplemento energético extruido (nugguet). Se integra a la dieta para incrementar la densidad energética de las raciones de caballos que se encuentran en competencia o entrenamiento intenso y cubrir la alta demanda calórica de este tipo de actividad.,Content/img/caballo/royal-horse-h-480-15.png,,Content/brochure/FICHA_Royal_Horse_H___480.pdf,https://www.youtube.com/channel/UCBvJaUA_g__psZFdz_eJ3ww,,12        ,20        ,12        ,6         ,8         ,42        ,7,NULL,NULL
154,15,Clásico,"Es una fórmula balanceada con 13% de proteina, indicada para caballos con actividad moderada a intensa y que con la adición de nuevos ingredientes, además de nutrir, mejora la salud digestiva del caballo",Content/img/caballo/pell-rol-clasico.png,,,https://www.youtube.com/channel/UCBvJaUA_g__psZFdz_eJ3ww,,13        ,3         ,12        ,8         ,8         ,56        ,1,NULL,NULL
155,15,Turbo,Fórmula diseñada para caballos en etapa de entranamiento y con intensa actividad fisica que sufren fuertes desgastes de energía y electrolítos derivados de su permanente esfuerzo físico.,Content/img/caballo/pell-rol-turbo.png,,,https://www.youtube.com/channel/UCBvJaUA_g__psZFdz_eJ3ww,,14        ,6         ,12        ,6         ,7         ,55        ,2,NULL,NULL
156,15,Cuarto de Milla,Científicamente elaborada para caballos que realizan actividades que requieren de un esfuerzo físico moderado.,Content/img/caballo/pell-rol-cuarto-de-milla.png,,,https://www.youtube.com/channel/UCBvJaUA_g__psZFdz_eJ3ww,,12        ,9         ,12        ,2         ,10        ,55        ,3,NULL,NULL
157,15,Alfalfa,"Ideal para elevar los niveles de proteína de la dieta de yeguas gestantes y lactantes, potros en crecimiento o caballos en actividad física intensa.",Content/img/caballo/pell-rol-alfalfa.png,,,https://www.youtube.com/channel/UCBvJaUA_g__psZFdz_eJ3ww,,17.5      ,9         ,12        ,22        ,11        ,36.6      ,4,NULL,NULL
158,15,Sprinter,"Alimento para caballos que realizan actividad de gran esfuerzo físico y están sometidos a un constante estado de estrés (Sementales en constante actividad reproductiva, salto, polo, carreras y pruebas de resistencia, entre otras).",Content/img/caballo/pell-rol-sprinter.png,,,https://www.youtube.com/channel/UCBvJaUA_g__psZFdz_eJ3ww,,13        ,3         ,12        ,12        ,8         ,54        ,5,NULL,NULL
159,15,Avena,"Alimento para mezclarse con otros granos y para equinos que no requieren de grandes nutrientes. Es avena importada de alta calidad, precocida y rolada al vapor que representa una fuente de carbohidratos de alta diestibilidad.",Content/img/caballo/pell-rol-avena-plus.png,,,https://www.youtube.com/channel/UCBvJaUA_g__psZFdz_eJ3ww,,10        ,12        ,12        ,5         ,3         ,58        ,6,NULL,NULL
160,15,Pell Rol Snacks Dúo ®,"Los snacks para caballos son una recompensapor una buena actitud, una buena acción o un buen trabajo realizado.",Content/img/caballo/pell-rol-snacks.png,,,https://www.youtube.com/channel/UCBvJaUA_g__psZFdz_eJ3ww,,9         ,1         ,12        ,6.5       ,4.5       ,69        ,7,NULL,NULL
161,61,Ganador® 12%,"Cientificamente formulado que evita la presentación de problemas nutricionales ocasionados por desbalance dietéticos, puede ser administrado en animales jóvenes (potros de un año en adelante)",Content/img/caballo/caballo-ganador-40.png,,,https://www.youtube.com/channel/UCBvJaUA_g__psZFdz_eJ3ww,,12        ,3         ,12        ,9.5       ,8         ,55.5      ,NULL,NULL,NULL
162,61,Ganador® 13%,"Cientificamente formulado que evita la presentación de problemas nutricionales ocasionados por desbalance dietéticos, puede ser administrado en animales jóvenes (potros de un año en adelante)",Content/img/caballo/caballo-ganador-40.png,,,https://www.youtube.com/channel/UCBvJaUA_g__psZFdz_eJ3ww,,13        ,3         ,12        ,10        ,9         ,56        ,NULL,NULL,NULL
163,61,Max Manzana,Alimento diseñado e indicado para: Caballos de actividad moderada a intensa. Charro. - Carreras. - Baile. - Conformación. - Caballos Jóvenes (2 años).,Content/img/caballo/caballo-ganador-max-manzana-30.png,,,https://www.youtube.com/channel/UCBvJaUA_g__psZFdz_eJ3ww,,14        ,4         ,12        ,6         ,8         ,56        ,NULL,NULL,NULL
164,5,Starlap Conejos Destete,Alimento para Gazapos desde los 25 hasta los 42 días,Content/img/conejo/starlap-20.png,,Content/brochure/PLAN_DE_ALIMENTACION_CONEJO_JPG.jpg,,,15        ,4         ,12        ,18        ,10        ,41        ,1,NULL,NULL
165,5,Starlap Conejos Engorda,Alimento para conejos a partir del destete y hasta final de la engorda,Content/img/conejo/starlap-20.png,,Content/brochure/PLAN_DE_ALIMENTACION_CONEJO_JPG.jpg,,,16        ,3         ,12        ,16        ,10        ,43        ,2,NULL,NULL
166,5,Starlap Conejos Reproductor CE,Alimento para conejos en etapa de gestación - lactancia,Content/img/conejo/starlap-20.png,,Content/brochure/PLAN_DE_ALIMENTACION_CONEJO_JPG.jpg,,,18        ,4         ,12        ,16        ,10        ,40        ,3,NULL,NULL
167,69,Conejo Ganador,"Alimento para conejos en todas las etapas: Crecimiento, reproducción y engorda",Content/img/conejo/malta-conejo-ganador-40.png,,Content/brochure/PLAN_DE_ALIMENTACION_CONEJO_JPG.jpg,,,16        ,3         ,12        ,17        ,10        ,42        ,NULL,NULL,NULL
169,91,Nutriconejos,"Alimento para conejos en todas las etapas: Crecimiento, reproducción y engorda. Exclusivo para sistemas Extensivos y Traspatio",Content/img/conejo/malta-nutriconejos-40.png,,Content/brochure/PLAN_DE_ALIMENTACION_CONEJO_JPG.jpg,,,15        ,2         ,12        ,17        ,10        ,44        ,NULL,NULL,NULL
170,66,Pone Oro Iniciacion,Alimento para aves de postura de la semana 0 a la 10 de edad,Content/img/pollo/malta-pone-oro-40.png,Content/brochure/MANUAL_AVES_MALTA_1_23.pdf,Content/brochure/MANUAL_AVES_MALTA_24_56.pdf,,,16        ,2.5       ,12        ,7         ,9         ,53.5      ,1,NULL,NULL
171,66,Pone Oro Desarrollo,Alimento para aves de postura de la semana 11 a la 18 de edad,Content/img/pollo/malta-pone-oro-40.png,Content/brochure/MANUAL_AVES_MALTA_1_23.pdf,Content/brochure/MANUAL_AVES_MALTA_24_56.pdf,,,10        ,2         ,12        ,8         ,10        ,58        ,2,NULL,NULL
172,66,Pone Oro 16% Plus Te,Alimento para gallinas a partir de que han roto postura y durante todo el ciclo productivo,Content/img/pollo/malta-pone-oro-40.png,Content/brochure/MANUAL_AVES_MALTA_1_23.pdf,Content/brochure/MANUAL_AVES_MALTA_24_56.pdf,,,16        ,3         ,12        ,5         ,16        ,48        ,3,NULL,NULL
173,10,Raceways,La fórmula contiene la combinación exacta de ingredientes.,Content/img/acuacultura/api-camaron-raceways-20.png,,,,,45        ,NULL,12        ,3         ,NULL,NULL,1,NULL,NULL
174,10,Api Camarón Intensivo 40% ,La fórmula contiene la combinación exacta de ingredientes.,Content/img/acuacultura/api-camaron-intensivo-20.png,,,,,40        ,NULL,12        ,3         ,NULL,NULL,2,NULL,NULL
175,10,Api Camarón Intensivo 35% ,La fórmula contiene la combinación exacta de ingredientes.,Content/img/acuacultura/api-camaron-intensivo-20.png,,,,,35        ,NULL,12        ,3         ,NULL,NULL,3,NULL,NULL
176,10,Api Camarón Intensivo 30% ,La fórmula contiene la combinación exacta de ingredientes.,Content/img/acuacultura/api-camaron-intensivo-20.png,,,,,30        ,NULL,12        ,3         ,NULL,NULL,4,NULL,NULL
177,10,Api Camarón Intensivo 25% ,La fórmula contiene la combinación exacta de ingredientes.,Content/img/acuacultura/api-camaron-intensivo-20.png,,,,,25        ,NULL,12        ,3         ,NULL,NULL,5,NULL,NULL
178,10,Api Camarón Alta Densidad 40% ,La fórmula contiene la combinación exacta de ingredientes.,Content/img/acuacultura/api-camaron-alta-densidad-20.png,,,,,40        ,NULL,12        ,3         ,NULL,NULL,6,NULL,NULL
179,10,Api Camarón Alta Densidad 35% ,La fórmula contiene la combinación exacta de ingredientes.,Content/img/acuacultura/api-camaron-alta-densidad-20.png,,,,,35        ,NULL,12        ,3         ,NULL,NULL,7,NULL,NULL
180,10,Api Camarón Alta Densidad 30% ,La fórmula contiene la combinación exacta de ingredientes.,Content/img/acuacultura/api-camaron-alta-densidad-20.png,,,,,30        ,NULL,12        ,3         ,NULL,NULL,8,NULL,NULL
181,10,Api Camarón Alta Densidad 25% ,La fórmula contiene la combinación exacta de ingredientes.,Content/img/acuacultura/api-camaron-alta-densidad-20.png,,,,,25        ,NULL,12        ,3.5       ,NULL,NULL,9,NULL,NULL
182,10,Api Camarón Media Densidad 40% ,La fórmula contiene la combinación exacta de ingredientes.,Content/img/acuacultura/api-camaron-media-densidad-20.png,,,,,40        ,NULL,12        ,3.5       ,NULL,NULL,10,NULL,NULL
183,10,Api Camarón Media Densidad 35% ,La fórmula contiene la combinación exacta de ingredientes.,Content/img/acuacultura/api-camaron-media-densidad-20.png,,,,,35        ,NULL,12        ,3.5       ,NULL,NULL,11,NULL,NULL
184,10,Api Camarón Media Densidad 30% ,La fórmula contiene la combinación exacta de ingredientes.,Content/img/acuacultura/api-camaron-media-densidad-20.png,,,,,30        ,NULL,12        ,3.5       ,NULL,NULL,12,NULL,NULL
185,10,Api Camarón Media Densidad 25% ,La fórmula contiene la combinación exacta de ingredientes.,Content/img/acuacultura/api-camaron-media-densidad-20.png,,,,,25        ,NULL,12        ,3.5       ,NULL,NULL,13,NULL,NULL
186,10,Api Camarón Extensivo 40% ,La fórmula contiene la combinación exacta de ingredientes.,Content/img/acuacultura/api-camaron-extensivo-20.png,,,,,40        ,NULL,12        ,3.5       ,NULL,NULL,14,NULL,NULL
187,10,Api Camarón Extensivo 35% ,La fórmula contiene la combinación exacta de ingredientes.,Content/img/acuacultura/api-camaron-extensivo-20.png,,,,,35        ,NULL,12        ,3.5       ,NULL,NULL,15,NULL,NULL
188,10,Api Camarón Extensivo 30% ,La fórmula contiene la combinación exacta de ingredientes.,Content/img/acuacultura/api-camaron-extensivo-20.png,,,,,30        ,NULL,12        ,3.5       ,NULL,NULL,16,NULL,NULL
189,10,Api Camarón Extensivo 25% ,La fórmula contiene la combinación exacta de ingredientes.,Content/img/acuacultura/api-camaron-extensivo-20.png,,,,,25        ,NULL,12        ,3.5       ,NULL,NULL,17,NULL,NULL
190,13,Grow fish Bagre 1 Iniciación,Alimento recomendado para la fase de iniciación. Se utiliza cuando los bagres tienen de un peso promedio entre 5-50g,Content/img/acuacultura/growfish-20.png,,Content/brochure/MAILING_BAGRE_ALTA.pdf,,,35        ,4         ,12        ,5         ,8         ,36        ,8,NULL,NULL
191,13,Grow fish Bagre 2 Engorda,Alimento recomendado para la fase de engorda. Se utiliza cuando los bagres tienen de un peso promedio entre 65-350g,Content/img/acuacultura/growfish-20.png,,Content/brochure/MAILING_BAGRE_ALTA.pdf,,,32        ,4.5       ,12        ,5         ,8         ,38.5      ,9,NULL,NULL
192,13,Grow fish Bagre 3 Finalización,Alimento recomendado para la fase de finalización. Se utiliza cuando los bagres tienen de un peso promedio entre 350-975g,Content/img/acuacultura/growfish-20.png,,Content/brochure/MAILING_BAGRE_ALTA.pdf,,,28        ,4         ,12        ,6         ,8         ,42        ,10,NULL,NULL
193,12,Grow fish Tilapia 1,Alimento para tilapia,Content/img/acuacultura/growfish-20.png,,Content/brochure/MAILING_TILAPIA_ALTA.pdf,,,40        ,3.5       ,12        ,5         ,10.5      ,27        ,4,NULL,NULL
194,12,Grow fish Tilapia 2,Alimento recomendado para la fase de crecimiento. Se utiliza desde que las tilapias pesan de 50-200g,Content/img/acuacultura/growfish-20.png,,Content/brochure/MAILING_TILAPIA_ALTA.pdf,,,35        ,5.5       ,12        ,5         ,8         ,34.5      ,5,NULL,NULL
195,12,Grow fish Tilapia 3,Alimento recomendado para la fase de engorda. Se utiliza desde que las tilapias pesan de 200-400g,Content/img/acuacultura/growfish-20.png,,Content/brochure/MAILING_TILAPIA_ALTA.pdf,,,30        ,5.5       ,12        ,5         ,9         ,38.5      ,6,NULL,NULL
196,12,Grow fish Tilapia 4,Alimento recomendado para la fase de finalización. Se utiliza desde que las tilapias pesan de 400-500g,Content/img/acuacultura/growfish-20.png,,Content/brochure/MAILING_TILAPIA_ALTA.pdf,,,25        ,5         ,12        ,6         ,10        ,42        ,7,NULL,NULL
197,11,Grow fish Trucha 1,"Alimento recomendado para la fase de alevinaje. Se utiliza desde que las truchas empiezan a nadar y comer, hasta los 50g o midan aproximadamente 16 cm de longitud",Content/img/acuacultura/growfish-20.png,,Content/brochure/MAILING_TRUCHA_ALTA.pdf,,,50        ,14        ,12        ,3         ,14        ,7         ,1,NULL,NULL
198,11,Grow fish Trucha 2,Utilizada para truchas con un peso de 50g hasta que alcancen los 100g o 20 cm de longitud.,Content/img/acuacultura/growfish-20.png,,Content/brochure/MAILING_TRUCHA_ALTA.pdf,,,45        ,15        ,12        ,3         ,14        ,11        ,2,NULL,NULL
199,11,Grow fish Trucha 3,Se recomienda para truchas de 100g hasta una talla comercial,Content/img/acuacultura/growfish-20.png,,Content/brochure/MAILING_TRUCHA_ALTA.pdf,,,40        ,16        ,12        ,3.5       ,14        ,14.5      ,3,NULL,NULL
200,32,Pet´s Joy® Antisarro,Snack en forma de huesitos sabor vainilla con fórmula antisarro para una mejor salud dental,Content/img/perro/pets-joy-huesitos.png,,,,,20        ,6         ,12        ,4         ,NULL,NULL,1,NULL,NULL
201,32,Pet´s Joy® Probioticos,Snack en forma de piernita sabor vainilla con probióticos para una mejor salud Intestinal.,Content/img/perro/pets-joy-piernitas.png,,,,,20        ,6         ,12        ,4         ,NULL,NULL,2,NULL,NULL
202,1,Ganador® Cachorro, Alimento para perros óptimamente balanceado con ingredientes de calidad que te ofrece la mejor alternativa en nutrición y sabor.,Content/img/perro/ganador-cachorro.png,,,https://www.youtube.com/user/Ganadorcroquetas,,27        ,10        ,11        ,4         ,NULL,NULL,1,NULL,NULL
203,1,Ganador® Adulto, Alimento para perros óptimamente balanceado con ingredientes de calidad que te ofrece la mejor alternativa en nutrición y sabor.,Content/img/perro/ganador-adulto.png,,,https://www.youtube.com/user/Ganadorcroquetas,,21        ,9         ,11        ,5         ,NULL,NULL,2,NULL,NULL
204,1,Ganador® Razas Pequeñas, Alimento para perros óptimamente balanceado con ingredientes de calidad que te ofrece la mejor alternativa en nutrición y sabor.,Content/img/perro/ganador-razas-pequenas.png,,,https://www.youtube.com/user/Ganadorcroquetas,,24        ,12        ,12        ,5         ,NULL,NULL,3,NULL,NULL
205,23,Ganador® Dúo Cachorro,Único alimento para perros en México con dos deliciosos sabores empacados individualmente,Content/img/perro/ganador-duo-cachorro.png,,,https://www.youtube.com/user/Ganadorcroquetas,,27        ,10        ,11        ,4         ,NULL,NULL,1,NULL,NULL
206,23,Ganador® Dúo Adulto,Único alimento para perros en México con dos deliciosos sabores empacados individualmente,Content/img/perro/ganador-duo-adulto.png,,,https://www.youtube.com/user/Ganadorcroquetas,,21        ,9         ,11        ,5         ,NULL,NULL,2,NULL,NULL
207,24,Ganador® Premium Cachorro,"Alimento de Calidad Profesional® para perros, elaborado con ingredientes especialmente seleccionados que garantizan el equilibrio perfecto para su nutrición y bienestar.",Content/img/perro/ganador-premium-cachorro.png,,,https://www.youtube.com/user/Ganadorcroquetas,,28        ,15        ,10        ,3         ,NULL,NULL,3,NULL,NULL
208,24,Ganador® Premium Adulto,"Alimento de Calidad Profesional® para perros, elaborado con ingredientes especialmente seleccionados que garantizan el equilibrio perfecto para su nutrición y bienestar.",Content/img/perro/ganador-premium-adulto.png,,,https://www.youtube.com/user/Ganadorcroquetas,,23        ,13        ,10        ,3.5       ,NULL,NULL,4,NULL,NULL
209,24,Ganador® Premium Razas Pequeñas,"Alimento de Calidad Profesional® para perros, elaborado con ingredientes especialmente seleccionados que garantizan el equilibrio perfecto para su nutrición y bienestar.",Content/img/perro/ganador-premium-razas-pequenas.png,,,https://www.youtube.com/user/Ganadorcroquetas,,28        ,12        ,12        ,4         ,NULL,NULL,5,NULL,NULL
210,25,The Top Choice®,Alimento para perros que ofrece una adecuada nutrición para cachorros y adultos en un mismo producto de calidad e ingredientes necesarios para una nutrición completa y balanceada durante todas las de cachorros y adultos. Con la sana nutrición que le ofrece The Top Choice® día a día mas feliz.,Content/img/perro/top-choice.png,,,https://www.youtube.com/user/Ganadorcroquetas,,19.5      ,9         ,12        ,5         ,NULL,NULL,1,NULL,NULL
211,26,Best Choice®,Best Choice® maltaCleyton®: Es un alimento completo y balanceado para el mantenimiento de perros adultos de todas las razas.,Content/img/perro/best-choice.png,,,https://www.youtube.com/user/Ganadorcroquetas,,17        ,8         ,6         ,12        ,NULL,NULL,1,NULL,NULL
212,27,Poder Canino®,Alimento nutritivo y balanceado para perros de todas las edades al mejor precio.,Content/img/perro/poder-canino.png,,,https://www.youtube.com/user/Ganadorcroquetas,,16        ,6         ,12        ,6         ,NULL,NULL,1,NULL,NULL
214,2,Minino®,"La fórmula de Minino® contiene la combinación exacta de ingredientes que tu minino requiere en todas las etapas de su vida. Elaborada con pollo y pescado para darle un sabor irresistible. No es comida para gatos, es alimento para mininos.",Content/img/gato/minino-naranja.png,,,,,30        ,10        ,10        ,4         ,NULL,NULL,3,NULL,NULL
215,28,Minino Dúo®,"Delicioso y nutritivo, único alimento para mininos en México con dos sabores empacados individualmente: carne en su jugo y pescado a las finas hierbas. Variedad superior para mininos superiores.",Content/img/gato/minino-duo.png,,,,,31        ,10        ,11        ,4         ,NULL,NULL,4,NULL,NULL
217,30,Minino Plus®,Alimento de calidad profesional que otorga nutrición completa y balanceada a tu minino cuya fórmula está basada en los estándares del exclusivo sistema de beneficios Vital 5® enfocado al cuidado de sus cinco órganos vitales. Nutrición superior para mininos superiores®.,Content/img/gato/minino-plus.png,,,,,32        ,11        ,11        ,4         ,NULL,NULL,2,NULL,NULL
218,73,Ganaleche Multiusos,Alimento para altas y medianas productoras.,Content/img/rumiantes/malta-gana-leche-40.png,https://www.dropbox.com/s/qt38xu9vaax62w5/MANUAL%20GLECHE%2018.06.14.pdf?dl=22,,,,16        ,2         ,12        ,15        ,13        ,42        ,44,NULL,NULL
219,73,Lechero Campero,Alimento para Lechero Campero,Content/img/rumiantes/malta-gana-leche-40.png,https://www.dropbox.com/s/qt38xu9vaax62w5/MANUAL%20GLECHE%2018.06.14.pdf?dl=13,,,,16        ,3         ,12        ,12        ,12        ,45        ,45,NULL,NULL
220,73,Establero 18%,Alimento para vacas lecheras en producción alimentadas con esquilmos agrícolas.,Content/img/rumiantes/malta-gana-leche-40.png,https://www.dropbox.com/s/qt38xu9vaax62w5/MANUAL%20GLECHE%2018.06.14.pdf?dl=14,,,,18        ,2         ,12        ,13        ,13        ,42        ,46,NULL,NULL
221,73,Establero 20%,Alimento para vacas lecheras en producción alimentadas con esquilmos agrícolas.,Content/img/rumiantes/malta-gana-leche-40.png,https://www.dropbox.com/s/qt38xu9vaax62w5/MANUAL%20GLECHE%2018.06.14.pdf?dl=16,,,,20        ,2         ,12        ,13        ,13        ,40        ,47,NULL,NULL
222,73,Lechero 21%,Alimento para altas productoras con semilla de algodón que favorece la producción de leche.,Content/img/rumiantes/malta-gana-leche-40.png,https://www.dropbox.com/s/qt38xu9vaax62w5/MANUAL%20GLECHE%2018.06.14.pdf?dl=19,,,,21        ,2         ,12        ,10        ,10        ,45        ,48,NULL,NULL
223,73,Suplemento Energético,Producto con alta energía para mezclar con forraje de buena calidad.,Content/img/rumiantes/malta-gana-leche-40.png,https://www.dropbox.com/s/qt38xu9vaax62w5/MANUAL%20GLECHE%2018.06.14.pdf?dl=21,,,,13        ,4         ,12        ,6         ,8         ,57        ,49,NULL,NULL
224,73,Alimento Vacas Lecheras 17%,Alimento para altas y medianas productoras.,Content/img/rumiantes/malta-gana-leche-40.png,https://www.dropbox.com/s/qt38xu9vaax62w5/MANUAL%20GLECHE%2018.06.14.pdf?dl=24,,,,17        ,3         ,12        ,9         ,9         ,50        ,50,NULL,NULL
225,75,Súper Apilac Ultra 1,Preiniciador medicado para lechones de 22 a 35 días de edad,Content/img/cerdo/super-apilac-ultra-1-25.png,,Content/brochure/Ficha_Apilac.png,,,21        ,6         ,12        ,2.5       ,6.5       ,52        ,87,NULL,NULL
226,75,Súper Apilac Ultra 2,Preiniciador medicado para lechones de 36 a 49 días de edad,Content/img/cerdo/super-apilac-ultra-2-25.png,,Content/brochure/Ficha_Apilac.png,,,19.5      ,5.5       ,12        ,3         ,6.5       ,53.5      ,88,NULL,NULL
227,75,Súper Apilac 3,Preiniciador medicado para lechones de 50 a 70 días de edad,Content/img/cerdo/super-apilac-ultra-3-25.png,,Content/brochure/Ficha_Apilac.png,,,18        ,5         ,12        ,3.5       ,7         ,54.5      ,89,NULL,NULL
228,76,Iniciapork Mejorado,Iniciador para cerdos hasta los 35 Kg.,Content/img/cerdo/malta-superpork-40.png,,Content/brochure/PORK.jpg,,,17.5      ,2.5       ,12        ,5         ,9         ,54        ,96,NULL,MVZ|PROD|DIST
229,76,Crecipork Mejorado,Alimento para cerdos en fase de crecimiento de los 35 hasta los 70 Kg. de peso,Content/img/cerdo/malta-superpork-40.png,,Content/brochure/PORK.jpg,,,15.5      ,2.5       ,12        ,7         ,9         ,54        ,97,NULL,MVZ|PROD|DIST
230,76,Engordapork Mejorado,Alimento para cerdos en fase de engorda de los 70 Kg. hasta su salida al mercado,Content/img/cerdo/malta-superpork-40.png,,Content/brochure/PORK.jpg,,,13.5      ,2.5       ,12        ,8         ,9         ,55        ,98,NULL,MVZ|PROD|DIST
231,76,Reprodupork Mejorado,"Alimento para cerdas gestantes, en lactancia o sementales",Content/img/cerdo/malta-superpork-40.png,,Content/brochure/PORK.jpg,,,14.5      ,2.5       ,12        ,8         ,10        ,53        ,99,NULL,MVZ|PROD|DIST
232,76,Concentrapork Mejorado,Concentrado para cerdos en desarrollo de los 35 Kg hasta su peso de mercado,Content/img/cerdo/malta-superpork-40.png,,Content/brochure/PORK.jpg,,,36        ,2         ,12        ,10        ,25        ,15        ,100,NULL,MVZ|PROD|DIST
233,74,Crecipork Mejorado,Alimento para cerdos en fase de crecimiento de los 35 hasta los 70 Kg. de peso,Content/img/cerdo/malta-superpork-40.png,,Content/brochure/PORK.jpg,,,15.5      ,2.5       ,12        ,7         ,9         ,54        ,83,NULL,NULL
234,77,Super-Baby Plus Te,Alimento para aves de postura desde el 1er dia hasta la semana 6 de edad,Content/img/pollo/malta-super-baby-40.png,Content/brochure/MANUAL_AVES_MALTA_1_23.pdf,Content/brochure/MANUAL_AVES_MALTA_24_56.pdf,,,21        ,3         ,12        ,4         ,8         ,52        ,1,NULL,NULL
235,78,Pollorina No. 1 Plus Te,Alimento para aves de postura de la semana 7 a la 10 de edad,Content/img/pollo/malta-pollorina-plus-40.png,Content/brochure/MANUAL_AVES_MALTA_1_23.pdf,Content/brochure/MANUAL_AVES_MALTA_24_56.pdf,,,18        ,3         ,12        ,7         ,8         ,52        ,1,NULL,NULL
236,78,Pollorina No. 2 Plus Te,Alimento para aves de postura de la semana 11 a la 13 de edad,Content/img/pollo/malta-pollorina-plus-40.png,Content/brochure/MANUAL_AVES_MALTA_1_23.pdf,Content/brochure/MANUAL_AVES_MALTA_24_56.pdf,,,16        ,3         ,12        ,7         ,10        ,52        ,2,NULL,NULL
237,78,Pollorina Prepostura,Alimento para aves de postura de la semana 14 a la 16 de edad,Content/img/pollo/malta-pollorina-plus-40.png,Content/brochure/MANUAL_AVES_MALTA_1_23.pdf,Content/brochure/MANUAL_AVES_MALTA_24_56.pdf,,,15        ,2.5       ,12        ,3.5       ,11        ,56        ,3,NULL,NULL
238,0,Pollorina Fase I,Alimento para aves de postura de la semana 17 a la 36 de edad,Content/img/pollo/malta-pollorina-plus-40.png,Content/brochure/MANUAL_AVES_MALTA_1_23.pdf,Content/brochure/MANUAL_AVES_MALTA_24_56.pdf,,,18        ,5         ,12        ,4         ,15        ,46        ,4,NULL,NULL
239,78,Pollorina Fase II,Alimento para aves de postura de la semana 37 a la 60 de edad,Content/img/pollo/malta-pollorina-plus-40.png,Content/brochure/MANUAL_AVES_MALTA_1_23.pdf,Content/brochure/MANUAL_AVES_MALTA_24_56.pdf,,,17.5      ,4         ,12        ,3.5       ,14        ,49        ,5,NULL,NULL
240,78,Pollorina Fase III,Alimento para aves de postura de la semana 61 a la 103 de edad,Content/img/pollo/malta-pollorina-plus-40.png,Content/brochure/MANUAL_AVES_MALTA_1_23.pdf,Content/brochure/MANUAL_AVES_MALTA_24_56.pdf,,,17        ,5         ,12        ,3.5       ,14        ,48.5      ,6,NULL,NULL
241,78,Pollorina Pelecha Completo,Alimento para aves de postura de 2o ciclo,Content/img/pollo/malta-pollorina-plus-40.png,Content/brochure/MANUAL_AVES_MALTA_1_23.pdf,Content/brochure/MANUAL_AVES_MALTA_24_56.pdf,,,16        ,3.5       ,12        ,3.5       ,15.5      ,49.5      ,7,NULL,NULL
242,79,Caporina Iniciador,Alimento para pollo de engorda desde el día 0 al 14 de edad,Content/img/pollo/apiaba-caporina-premium-40.png,Content/brochure/MANUAL_AVES_APIABA_1_23.pdf,Content/brochure/MANUAL_AVES_APIABA_1_23.pdf,,,22        ,3.5       ,12        ,3         ,7         ,52.5      ,1,NULL,NULL
243,79,Caporina Crecimiento,Alimento para pollo de engorda desde el día 15 al 28 de edad,Content/img/pollo/apiaba-caporina-premium-40.png,Content/brochure/MANUAL_AVES_APIABA_1_23.pdf,Content/brochure/MANUAL_AVES_APIABA_1_23.pdf,,,19        ,3.5       ,12        ,3         ,7         ,55.5      ,2,NULL,NULL
244,79,Caporina Finalizador ,Alimento para pollo de engorda desde el día 29 al 42 o su salida al mercado,Content/img/pollo/apiaba-caporina-premium-40.png,Content/brochure/MANUAL_AVES_APIABA_1_23.pdf,Content/brochure/MANUAL_AVES_APIABA_1_23.pdf,,,19        ,3.5       ,12        ,3         ,7         ,55.5      ,3,NULL,NULL
245,0,Pollito Especial,Alimento para Pollitos de Engorda de 1 a 21 días de edad especial para traspatio y venta por kileo,Content/img/pollo/apiaba-pollo-oro-balance-40.png,Content/brochure/MANUAL_AVES_APIABA_1_23.pdf,Content/brochure/MANUAL_AVES_APIABA_1_23.pdf,,,19        ,4         ,12        ,6         ,8         ,51        ,1,NULL,NULL
246,80,Pollito Oro,Alimento para pollitos de engorda desde el día 1o. al 21 de edad,Content/img/pollo/apiaba-pollo-oro-balance-40.png,Content/brochure/MANUAL_AVES_APIABA_1_23.pdf,Content/brochure/MANUAL_AVES_APIABA_1_23.pdf,,,21        ,3.5       ,12        ,3         ,7         ,53.5      ,2,NULL,MVZ|PROD|DIST
247,0,Pollo Especial,Alimento para pollos de engorda de 22 días en adelante	especial para traspatio y venta por kileo,Content/img/pollo/apiaba-pollo-oro-balance-40.png,Content/brochure/MANUAL_AVES_APIABA_1_23.pdf,Content/brochure/MANUAL_AVES_APIABA_1_23.pdf,,,17        ,4         ,12        ,6         ,8         ,53        ,3,NULL,NULL
248,80,Pollo Oro,Alimento para pollo de engorda desde el día 21 de edad hasta su salida al mercado,Content/img/pollo/apiaba-pollo-oro-balance-40.png,Content/brochure/MANUAL_AVES_APIABA_1_23.pdf,Content/brochure/MANUAL_AVES_APIABA_1_23.pdf,,,18        ,4.5       ,12        ,3         ,7         ,55.5      ,4,NULL,MVZ|PROD|DIST
249,80,Pollo Oro Deposito,Alimento para pollo de engorda recomendado para los últimos 2 días antes de su salida al mercado,Content/img/pollo/apiaba-pollo-oro-balance-40.png,Content/brochure/MANUAL_AVES_APIABA_1_23.pdf,Content/brochure/MANUAL_AVES_APIABA_1_23.pdf,,,10        ,3.5       ,12        ,4         ,10        ,60.5      ,5,NULL,MVZ|PROD|DIST
250,81,Cortador," El mejor alimento para aves de combate en la etapa de cuida. Innovación en su fórmula, ingredientes y proceso de elaboración que permiten al gallo mostrar al máximo todas su cualidades y potencial genético. ",Content/img/gallos/gallo-de-oro-cortador-25.png,,,,,18        ,3         ,12        ,4         ,3         ,60        ,1,NULL,NULL
251,82,Minino Yum®,"Doblemente delicioso, con sabor a camarón y pescado como parte de una fórmula completa y balanceada para consentir y cuidar a tu minino. Sorpresa de sabor para mininos curiosos.",Content/img/gato/minino-yum.png,,,,,31        ,10        ,11        ,4         ,NULL,NULL,5,NULL,NULL
252,53,Inicia Corderos,Alimento para corderos a partir de la 1era semana de vida hasta el destete.,Content/img/rumiantes/malta-ovinos-ganador-40.png,,,,,18        ,3         ,12        ,4         ,7         ,56        ,1,NULL,NULL
253,84,Jovis Rico,Iniciador de alta tecnologia para becerras en etapa de lactancia,Content/img/rumiantes/evialis-40.png,Content/brochure/triptico_evialis_oficio.pdf,Content/brochure/JOVIS_RICO.pdf,,,15        ,2.5       ,NULL,22        ,NULL,NULL,2,NULL,NULL
254,84,Jovis Temprano,Iniciador de alta tecnologia para becerras en etapa de lactancia.,Content/img/rumiantes/evialis-40.png,Content/brochure/MANUAL_GLECHE_180614.pdf,Content/brochure/JOVIS_TEMPRANO.pdf,,,18        ,2.5       ,NULL,10        ,NULL,NULL,3,NULL,NULL
255,84,Jovis Crecimiento,Alimento para la segunda etapa de las becerras.,Content/img/rumiantes/evialis-40.png,Content/brochure/MANUAL_GLECHE_180614.pdf,Content/brochure/JOVIS_CRECIMIENTO.pdf,,,22        ,2         ,NULL,15        ,NULL,NULL,4,NULL,NULL
256,84,Jovis Mix,Alimento para mezclar con grano y elaborar dietas de segunda etapa para las becerras,Content/img/rumiantes/evialis-40.png,Content/brochure/MANUAL_GLECHE_180614.pdf,Content/brochure/JOVIS_MIX.pdf,,,28        ,2         ,NULL,13        ,NULL,NULL,5,NULL,NULL
257,84,Azolis Bypass,Producto especialmente disenado para aportar proteina de sobrepaso para vacas de alta produccion.,Content/img/rumiantes/evialis-40.png,Content/brochure/MANUAL_GLECHE_180614.pdf,Content/brochure/AZOLIS_BYPASS.pdf,,,39        ,2         ,NULL,7         ,NULL,NULL,6,NULL,NULL
258,84,Azolis Nucleo,Concentrado proteico que aporta nitrogeno soluble a la dieta de las vacas,Content/img/rumiantes/evialis-40.png,Content/brochure/MANUAL_GLECHE_180614.pdf,Content/brochure/AZOLIS_NUCLEO.pdf,,,45        ,2         ,NULL,7         ,NULL,NULL,7,NULL,NULL
259,84,Nutris Seca,Alimento formulado para satisfecer las necesidades de las vacas en el periodo seco.,Content/img/rumiantes/evialis-40.png,Content/brochure/MANUAL_GLECHE_180614.pdf,Content/brochure/NUTRIS_SECA.pdf,,,16        ,3         ,NULL,8         ,NULL,NULL,8,NULL,NULL
260,84,Nutris Reprolact,Alimento especialmente formulado para las necesidades de las vacas en el primer tercio de lactancia.,Content/img/rumiantes/evialis-40.png,Content/brochure/MANUAL_GLECHE_180614.pdf,Content/brochure/NUTRIS_REPROLACT.pdf,,,23        ,4.5       ,NULL,9         ,NULL,NULL,9,NULL,NULL
261,84,Nutris Alto,Alimento especialmente disenado para las vacas de alta produccion.,Content/img/rumiantes/evialis-40.png,Content/brochure/MANUAL_GLECHE_180614.pdf,Content/brochure/NUTRIS_ALTO.pdf,,,25        ,3.5       ,NULL,15        ,NULL,NULL,10,NULL,NULL
262,84,Enerlis Optimo,Alimento formulado para vacas en produccion recibiendo forrajes de buena calidad.,Content/img/rumiantes/evialis-40.png,Content/brochure/MANUAL_GLECHE_180614.pdf,Content/brochure/ENERLIS_OPTIMO.pdf,,,17        ,3         ,NULL,10        ,NULL,NULL,11,NULL,NULL
263,84,Enerlis Classico,Alimento formulado para vacas en produccion recibiendo forrajes de buena calidad.,Content/img/rumiantes/evialis-40.png,Content/brochure/MANUAL_GLECHE_180614.pdf,Content/brochure/ENERLIS_CLASICO.pdf,,,19        ,3.5       ,NULL,13        ,NULL,NULL,12,NULL,NULL
264,84,Enerlis Leche,Alimento formulado para vacas de buen potencial genetico.,Content/img/rumiantes/evialis-40.png,Content/brochure/MANUAL_GLECHE_180614.pdf,Content/brochure/ENERLIS_LECHE.pdf,,,18        ,3.5       ,NULL,8         ,NULL,NULL,13,NULL,NULL
265,84,Enerlis Seguro,Alimento especialmente disenado para dieta con alto nicel de carbohidratos fermentables.,Content/img/rumiantes/evialis-40.png,Content/brochure/MANUAL_GLECHE_180614.pdf,Content/brochure/ENERLIS_SEGURO.pdf,,,18        ,4         ,NULL,13        ,NULL,NULL,14,NULL,NULL
266,84,Enerlis Super,Alimento especialmente disenado para dieta con alto nicel de carbohidratos fermentables.,Content/img/rumiantes/evialis-40.png,Content/brochure/MANUAL_GLECHE_180614.pdf,Content/brochure/ENERLIS_SUPER.pdf,,,20        ,2.5       ,NULL,14        ,NULL,NULL,15,NULL,NULL
267,84,Enerlis Desempeño,Alimento disenado para alcanzar alto niveles de produccion con total seguridad.,Content/img/rumiantes/evialis-40.png,Content/brochure/MANUAL_GLECHE_180614.pdf,Content/brochure/ENERLIS_DESEMPENO.pdf,,,20        ,3         ,NULL,7         ,NULL,NULL,16,NULL,NULL
268,84,Enerlis Royal,Alimento especialmente disenado para vacas de alta genetica y produccion.,Content/img/rumiantes/evialis-40.png,Content/brochure/MANUAL_GLECHE_180614.pdf,Content/brochure/ENERLIS_ROYAL.pdf,,,24        ,3.5       ,NULL,11        ,NULL,NULL,17,NULL,NULL
269,85,Master Can®,Alimento para perros adultos de todas las razas,Content/img/perro/master-can-25.png,,,https://www.youtube.com/user/Ganadorcroquetas,,16        ,6         ,12        ,6         ,NULL,NULL,10,NULL,NULL
270,51,Cerdipower Iniciación,Alimento iniciador hasta los 35 Kg. de peso,Content/img/cerdo/malta-cerdipower-40.png,,Content/brochure/Carnerina.pdf,,,18        ,4         ,12        ,4         ,8         ,54        ,74,NULL,NULL
271,86,"Alimento Zoea, Mysis, PL 50 & PL 300","BioSpheres es una gama completa de alimentos para criaderos de camarón desde Zoea hasta PL. La gama comprende 4 diferentes alimentos, cada uno formulado exclusiva e independientemente para la etapa del camarón a la cual está dirigida. BioSpheres es un concepto global único para las crías de larvas de camarón ofreciendo lo último en tecnología para los criaderos de camarón más modernos.",Content/img/acuacultura/biospheres.png,Content/brochure/ficha_tec_biospheres.pdf,Content/brochure/ficha_tec_biospheres.pdf,,,55        ,12        ,8         ,2         ,15        ,NULL,1,NULL,NULL
272,53,Concentrado Engorda,Alimento concentrado para borregos en engorda y borregas de cría.,Content/img/rumiantes/malta-ovinos-ganador-40.png,,,,,40        ,2         ,12        ,12        ,16        ,18        ,3,NULL,NULL
273,101,Concentrado Engorda,Alimento concentrado para borregos en engorda y borregas de cría.,Content/img/rumiantes/apiaba-ovinos-ganador-40.png,,,,,40        ,2         ,12        ,12        ,16        ,18        ,3,NULL,NULL
274,87,MPEX,MP4X es una excelente dieta que proporciona el mejor crecimiento y supervivencia a través de todo el período de crecimiento.,Content/img/acuacultura/mpex.png,Content/brochure/ficha_tec_mpex.pdf,Content/brochure/ficha_tec_mpex.pdf,,,55        ,10        ,8         ,1.5       ,14        ,NULL,1,NULL,MVZ|PROD|DIST
275,88,Royal Oyster,"Esta dieta de maduración es una dieta complementaria a los alimentos frescos utilizados normalmente en la maduración del camarón, tales como calamares, biomasa de artemia o poliquetos.",Content/img/acuacultura/royal-oyster.png,Content/brochure/ficha_tec_royal_oyster.pdf,Content/brochure/ficha_tec_royal_oyster.pdf,,,50        ,15        ,8         ,2         ,13        ,NULL,1,NULL,MVZ|PROD|DIST
276,89,Royal Pepper Protein,"Royal Pepper Protein esta dirigido a las etapas difíciles tales como zoea, mysis, transición de PL, síndrome de zoea y estrés post larvario",Content/img/acuacultura/royal-pepper-protein.png,Content/brochure/ficha_tec_royal_pepper_protein.pdf,Content/brochure/ficha_tec_royal_pepper_protein.pdf,,,50        ,15        ,8         ,2         ,13        ,NULL,1,NULL,MVZ|PROD|DIST
277,33,Entrenamiento / Balance,Alimento de calidad superior (premium) para el periodo de entrenamiento de las aves de combate.,Content/img/gallos/gallo-de-oro-5.png,,,,,12        ,3         ,12        ,5         ,3         ,65        ,10,NULL,NULL
278,99,Grano de Oro®,Alimento diseñado para caballos de paseo y trabajo con un nivel de actividad moderada.,Content/img/caballo/grano-de-oro-40.png,,,,,10        ,3         ,12        ,5         ,5         ,65        ,4,NULL,NULL
279,92,Biofingerling crías harina,Alimento recomendado para la fase de alevinaje. Se utiliza desde que las tilapias pesan de 0-5 g.,Content/img/acuacultura/bio-fingerling-10.png,,,,,45        ,16        ,11        ,2.5       ,12        ,13.5      ,1,NULL,NULL
280,92,Biofingerling Desarrollo 1.5,Alimento recomendado para la fase de alevinaje. Se utiliza desde que las tilapias pesan de 5-20 g.,Content/img/acuacultura/bio-fingerling-10.png,,,,,45        ,16        ,11        ,2.5       ,12        ,13.5      ,2,NULL,NULL
281,92,Biofingerling  Desarrollo 2.5,Alimento recomendado para la fase de alevinaje. Se utiliza desde que las tilapias pesan de 20-50 g.,Content/img/acuacultura/bio-fingerling-10.png,,,,,45        ,16        ,11        ,2.5       ,12        ,13.5      ,3,NULL,NULL
282,93,Royal Caviar,"Royal Caviar es una dieta verdaderamente excepcional para larvas de camarón. Formulado y producido para imitar las características básicas del alimento vivo, puede reemplazar completamente el alimento vivo e incrementar la utilidad y desempeño de los criaderos de camarón. Está formulado con krill congelado y picado (Euphausia superba) como ingrediente principal. ",Content/img/acuacultura/caviar-cubeta.png,Content/brochure/ficha_royal_caviar_bernaqua.pdf,Content/brochure/ficha_royal_caviar_bernaqua.pdf,,,55        ,15        ,8         ,NULL,15        ,NULL,1,NULL,NULL
283,94,Royal Seafood,"Royal Seafood es una dieta de alta calidad para camarones, elaborada especialmente para estadios de post-larva. Royal Seafood es una excelente fórmula alimenticia que provee el mejor crecimiento y sobrevivencia a través de todo el periodo de crecimiento. Royal Seafood mantiene una perfecta calidad del agua y es altamente palatable. Royal Seafood es producido por una técnica de extrusión fría. El producto es procesado para lograr migajas a tamaños adecuados.",Content/img/acuacultura/royal-seafood.png,Content/brochure/ficha_royal_seafood.pdf,Content/brochure/ficha_royal_seafood.pdf,,,54        ,8         ,8         ,NULL,12        ,NULL,1,NULL,NULL
284,95,Vitellus Quistes de Artemia,"Vitellus está compuesto exclusivamente de quistes de Artemia, los quistes han sido abiertos y extraido su contenido (al contenido de los quistes puede llamarse el vitellus del huevecillo). El vitellus extraído es procesado con la más moderna técnica que garantiza preservar totalmente la cualidad nutricional única del quiste de Artemia. Vitellus es el alimento natural perfecto para larvas y post-larvas de camarón, ofreciendo lo mejor de la naturaleza con menos trabajo y menores pérdidas",Content/img/acuacultura/vitellus-cubeta.png,Content/brochure/ficha_vitellus_bernacua.pdf,Content/brochure/ficha_vitellus_bernacua.pdf,,,50        ,14        ,8         ,3.5       ,10        ,NULL,1,NULL,NULL
285,96,MeM Camarón,"MeM es un alimento para larvas de camarón cultivadas en condiciones intensivas, donde la nutrición y la calidad de agua son dos parámetros muy importantes. MeM es un alimento que ha sido producido por un proceso de micro extrusión seguido por marumerización. El objetivo que se persigue con esta innovadora tecnología es asegurar una completa estabilidad en el agua de los nutrientes solubles e insolubles del alimento, evitando el uso de aglutinantes químicos.",Content/img/acuacultura/mem-cubeta.png,Content/brochure/ficha_tec_mem_camaron_bernaqua.pdf,Content/brochure/ficha_tec_mem_camaron_bernaqua.pdf,,,56        ,14        ,8         ,NULL,15        ,15        ,1,NULL,NULL
286,97,Multi Aves,Alimento completo para todas las etapas del ciclo de postura,Content/img/pollo/malta-pone-oro-40.png,Content/brochure/MANUAL_AVES_APIABA_1_23.pdf,Content/brochure/MANUAL_AVES_APIABA_24_56.pdf,,,10        ,2.5       ,12        ,5         ,16        ,54.5      ,NULL,NULL,NULL
287,70,Malta Carne,Alimento para engorda y finalización del ganado.,Content/img/rumiantes/apiaba-apicarne-premium-40.png,Content/brochure/MANUAL_GCARNE_12_06_14.pdf,Content/brochure/MANUAL_GCARNE_12_06_14.pdf,,,11        ,2         ,12        ,10        ,10        ,55        ,6,NULL,NULL
288,70,Concentrado engorda 40%,Concentrado proteico para engorda de ganado. Ideal para mezclar con grano.,Content/img/rumiantes/apiaba-apicarne-premium-40.png,Content/brochure/MANUAL_GCARNE_12_06_14.pdf,Content/brochure/MANUAL_GCARNE_12_06_14.pdf,,,40        ,2         ,12        ,12        ,16        ,18        ,NULL,NULL,MVZ|PROD|DIST
289,70,Engorda ganado,Alimento para engorda y finalización del ganado.,Content/img/rumiantes/apiaba-apicarne-premium-40.png,Content/brochure/MANUAL_GCARNE_12_06_14.pdf,Content/brochure/MANUAL_GCARNE_12_06_14.pdf,,,13        ,2         ,12        ,12        ,10        ,51        ,NULL,NULL,MVZ|PROD|DIST
290,100,Becerras Ultra,Alimento preiniciador que favorce el rápido crecimiento del becerro. Recomendado a partir de la semana 3 hasta el destete,Content/img/rumiantes/apiaba-ababe-premium-40.png,https://www.dropbox.com/s/7zmtkagtlpj0b5b/MANUAL%20GCARNE%2012-06-14.pdf?dl=18,NULL,NULL,NULL,18        ,3.0       ,12        ,10        ,7         ,50.0      ,1,NULL,MVZ|PROD|DIST
291,100,Ababe Plus,Alimento de segunda etapa recomendado a partir del destete a los 6 meses de edad.,Content/img/rumiantes/apiaba-ababe-premium-40.png,https://www.dropbox.com/s/7zmtkagtlpj0b5b/MANUAL%20GCARNE%2012-06-14.pdf?dl=19,NULL,NULL,NULL,20        ,2.0       ,12        ,8         ,8         ,50.0      ,2,NULL,MVZ|PROD|DIST
292,100,Abahor Plus,"Alimento para vaquillas de reemplazo, gestantes y secas.",Content/img/rumiantes/apiaba-ababe-premium-40.png,https://www.dropbox.com/s/7zmtkagtlpj0b5b/MANUAL%20GCARNE%2012-06-14.pdf?dl=20,NULL,NULL,NULL,14        ,2.5       ,12        ,11        ,8         ,52.5      ,3,NULL,MVZ|PROD|DIST
293,101,Borregos Forte,Alimento para borregos en etapa de engorda y finalización.,Content/img/rumiantes/apiaba-ovinos-ganador-40.png,NA,,,,15        ,3         ,12        ,7         ,6         ,57        ,1,NULL,MVZ|PROD|DIST
294,101,Borregas Reproductoras,"Alimento para borregas de cría: 30 días antes del empadre, durante el periodo de gestación y lactancia.",Content/img/rumiantes/apiaba-ovinos-ganador-40.png,NA,,,,16        ,3         ,12        ,9         ,10        ,50        ,2,NULL,MVZ|PROD|DIST
295,101,Borrego Ganador®,"Alimento para borregos en el periodo de engorda y finalización, así como para borregas de cría.",Content/img/rumiantes/apiaba-ovinos-ganador-40.png,NA,,,,13        ,2         ,12        ,8         ,10        ,55        ,3,NULL,MVZ|PROD|DIST
296,101,Engorda Borregos,Alimento para borregos a partir del destete hasta su salida al mercado.,Content/img/rumiantes/apiaba-ovinos-ganador-40.png,NA,,,,15        ,3         ,12        ,8         ,7         ,55        ,4,NULL,MVZ|PROD|DIST
297,101,Inicia Corderos,Alimento para corderos a partir de la 1era semana de vida hasta el destete.,Content/img/rumiantes/apiaba-ovinos-ganador-40.png,NULL,,NULL,NULL,18        ,3         ,12        ,4         ,7         ,56        ,NULL,NULL,MVZ|PROD|DIST
298,102,Capri Leche 18%TEC,Alimento con grano rolado para cabras lecheras de alta producción.,Content/img/rumiantes/apiaba-caprinos-ganador-40.png,,,,,18        ,4         ,12        ,8         ,8         ,50        ,1,NULL,MVZ|PROD|DIST
299,102,Capri Leche 18%,Alimento con grano rolado para cabras lecheras en producción.,Content/img/rumiantes/apiaba-caprinos-ganador-40.png,,,,,18        ,3         ,12        ,8         ,8         ,51        ,2,NULL,MVZ|PROD|DIST
300,102,Capri Crecimiento,"Alimento balanceado para crecimiento, desarrollo y mantenimineto de cabras.",Content/img/rumiantes/apiaba-caprinos-ganador-40.png,,,,,16        ,2.5       ,12        ,10        ,9         ,50.5      ,3,NULL,MVZ|PROD|DIST
301,102,Capri Inicio Ultra,Alimento balanceado para la etapa de iniciación de las cabras.,Content/img/rumiantes/apiaba-caprinos-ganador-40.png,,,,,18        ,4         ,12        ,4         ,9         ,53        ,4,NULL,MVZ|PROD|DIST
302,NULL,NULL,NULL,NULL,NULL,NULL,NULL,NULL,NULL,NULL,NULL,NULL,8         ,NULL,NULL,NULL,MVZ|PROD|DIST
303,103,Pavo Iniciación ,Alimento de Iniciaición con 22% de proteína: Desde el nacimiento las 5 semanas,Content/img/pavo/pavo-ganador-5.png,,Content/brochure/PLAN_DE_ALIMENTACION_CARTA_PAVOS_API_ABA_JPG.jpg,,,22        ,2.5       ,12        ,5         ,9         ,49.5      ,NULL,NULL,MVZ|PROD|DIST
304,103,Pavo Desarrollo ,Alimento para el crecimiento y desarrollo con 18% de proteína: Desde la semana 6 a la semana 10,Content/img/pavo/pavo-ganador-5.png,,Content/brochure/PLAN_DE_ALIMENTACION_CARTA_PAVOS_API_ABA_JPG.jpg,,,18        ,2.5       ,12        ,7         ,9         ,51.5      ,NULL,NULL,MVZ|PROD|DIST
305,104,Conejo Ganador,"Alimento para conejos en todas las etapas: Crecimiento, reproducción y engorda",Content/img/conejo/malta-conejo-ganador-5.png,,Content/brochure/PLAN_DE_ALIMENTACION_CONEJO_JPG.jpg,,,16        ,3         ,12        ,17        ,10        ,42        ,NULL,NULL,MVZ|PROD|DIST
306,105,Pollito Oro Iniciación 5Kg,Alimento para pollitos de engorda desde el día 1o. al 21 de edad,Content/img/pollo/malta-pollo-ganador-5.png,Content/brochure/MANUAL_AVES_APIABA_1_23.pdf,Content/brochure/MANUAL_AVES_APIABA_1_23.pdf,,,21        ,3.5       ,12        ,3         ,7         ,53.5      ,2,NULL,MVZ|PROD|DIST
307,105,Pollo Oro Engorda 5Kg,Alimento para pollo de engorda desde el día 21 de edad hasta su salida al mercado,Content/img/pollo/malta-pollo-ganador-5.png,Content/brochure/MANUAL_AVES_APIABA_1_23.pdf,Content/brochure/MANUAL_AVES_APIABA_1_23.pdf,,,18        ,4.5       ,12        ,3         ,7         ,55.5      ,4,NULL,MVZ|PROD|DIST
308,106,Pollito Oro Iniciación 5Kg,Alimento para Pollo de Engorda de 1 a 21 días de edad especial para traspatio y venta por kileo,Content/img/pollo/malta-pollo-ganador-5.png,Content/brochure/MANUAL_AVES_MALTA_1_23.pdf,Content/brochure/MANUAL_AVES_MALTA_1_23.pdf,,,19        ,4         ,12        ,6         ,8         ,51        ,NULL,NULL,MVZ|PROD|DIST
309,106,Pollo Oro Engorda 5Kg,"Alimento para pollos de engorda de 22 días en adelante, especial para traspatio y venta por Kileo",Content/img/pollo/malta-pollo-ganador-5.png,Content/brochure/MANUAL_AVES_MALTA_1_23.pdf,Content/brochure/MANUAL_AVES_MALTA_1_23.pdf,,,17        ,4         ,12        ,6         ,8         ,53        ,NULL,NULL,MVZ|PROD|DIST
310,107,Iniciapork Mejorado,Iniciador para cerdos hasta los 35 Kg.,Content/img/cerdo/malta-cerdo-ganador-5.png,,Content/brochure/PORK.jpg,,,17.5      ,2.5       ,12        ,5         ,9         ,54        ,1,NULL,MVZ|PROD|DIST
311,107,Crecipork Mejorado,Alimento para cerdos en fase de crecimiento de los 35 hasta los 70 Kg. de peso,Content/img/cerdo/malta-cerdo-ganador-5.png,,Content/brochure/PORK.jpg,,,15.5      ,2.5       ,12        ,7         ,9         ,54        ,2,NULL,MVZ|PROD|DIST
312,107,Engordapork Mejorado,Alimento para cerdos en fase de engorda de los 70 Kg. hasta su salida al mercado,Content/img/cerdo/malta-cerdo-ganador-5.png,,Content/brochure/PORK.jpg,,,13.5      ,2.5       ,12        ,8         ,9         ,55        ,3,NULL,MVZ|PROD|DIST
313,109,Pone Oro 16%,Alimento para gallinas a partir de que han roto postura y durante todo el ciclo productivo,Content/img/pollo/gallina-ganador.png,Content/brochure/MANUAL_AVES_APIABA_1_23.pdf,Content/brochure/MANUAL_AVES_APIABA_24_56.pdf,,,16        ,3         ,12        ,5         ,16        ,48        ,NULL,NULL,MVZ|PROD|DIST
314,110,Pone Oro 16%,Alimento para gallinas a partir de que han roto postura y durante todo el ciclo productivo,Content/img/pollo/gallina-ganador.png,Content/brochure/MANUAL_AVES_MALTA_1_23.pdf,Content/brochure/MANUAL_AVES_MALTA_24_56.pdf,,,16        ,3         ,12        ,5         ,16        ,48        ,1,NULL,MVZ|PROD|DIST
315,108,Iniciapork Mejorado,Iniciador para cerdos hasta los 35 Kg.,Content/img/cerdo/malta-cerdo-ganador-5.png,,Content/brochure/PORK.jpg,,,17.5      ,2.5       ,12        ,5         ,9         ,54        ,1,NULL,MVZ|PROD|DIST
316,108,Crecipork Mejorado,Alimento para cerdos en fase de crecimiento de los 35 hasta los 70 Kg. de peso,Content/img/cerdo/malta-cerdo-ganador-5.png,,Content/brochure/PORK.jpg,,,15.5      ,2.5       ,12        ,7         ,9         ,54        ,2,NULL,MVZ|PROD|DIST
317,108,Engordapork Mejorado,Alimento para cerdos en fase de engorda de los 70 Kg. hasta su salida al mercado,Content/img/cerdo/malta-cerdo-ganador-5.png,,Content/brochure/PORK.jpg,,,13.5      ,2.5       ,12        ,8         ,9         ,55        ,3,NULL,MVZ|PROD|DIST
318,15,Pell Rol Vital,Alimento  Balanceado para Caballos de Alto Desempeño,Content/img/caballo/pell-rol-vital.png,,,https://www.youtube.com/channel/UCBvJaUA_g__psZFdz_eJ3ww,,13        ,3         ,12        ,10        ,6         ,56        ,2,NULL,MVZ|PROD|DIST
